server,root_alias,root_kind,copy_kind,copy_of,files,size_bytes_total,goal_documents_registered_files
contabo116,_remote_docs,mirror,of_original,cafe24_114:data-project-docs,490,2913888,0
contabo116,_remote_docs,mirror,of_original,cafe24_114:found:home/danharoo/www/reports,91,526475,0
contabo116,_remote_docs,mirror,of_original,cafe24_114:found:home/newpigup3/reports,53,317478,0
contabo116,_remote_docs,mirror,of_original,cafe24_114:found:root/go100/reports,49,240043,0
contabo116,_remote_docs,mirror,of_original,cafe24_114:found:root/newtalk-v2-api-repo/project-docs-repo/go100/reports,9,78137,0
contabo116,_remote_docs,mirror,of_original,cafe24_114:found:root/newtalk-v2-api-repo/project-docs-repo/kis-autotrade-v4/reports,46,272441,0
contabo116,_remote_docs,mirror,of_original,cafe24_114:found:root/newtalk-v2-api-repo/project-docs-repo/nas-image/reports,6,48970,0
contabo116,_remote_docs,mirror,of_original,cafe24_114:found:root/newtalk-v2-api-repo/project-docs-repo/newtalk-v2-api/reports,37,179296,0
contabo116,_remote_docs,mirror,of_original,cafe24_114:found:root/newtalk-v2/project-docs-repo/kis-autotrade-v4/reports,5,59278,0
contabo116,_remote_docs,mirror,of_original,cafe24_114:found:root/newtalk-v2/project-docs-repo/nas-image/reports,1,9480,0
contabo116,_remote_docs,mirror,of_original,cafe24_114:found:srv/newtalk-v2/project-docs-repo/kis-autotrade-v4/reports,1,39491,0
contabo116,_remote_docs,mirror,of_original,cafe24_114:found:srv/newtalk-v2/project-docs-repo/newtalk-v2-api/reports,2,19067,0
contabo116,_remote_docs,mirror,of_original,cafe24_114:found:srv/newtalk-v2/reports,5,34130,0
contabo116,_remote_docs,mirror,of_original,cafe24_114:go100/docs,562,7133018,0
contabo116,_remote_docs,mirror,of_original,cafe24_114:nas-image-auto/docs,2,12961,0
contabo116,_remote_docs,mirror,of_original,cafe24_114:newtalk-v2-api-repo/docs,33,215930,0
contabo116,_remote_docs,mirror,of_original,cafe24_114:newtalk-v2-srv/docs,46,823409,0
contabo116,_remote_docs,mirror,of_original,cafe24_114:shortflow/docs,21,139197,0
contabo116,_remote_docs,mirror,of_original,contabo116:aads-docs,7,194843,0
contabo116,_remote_docs,mirror,of_original,contabo116:found:root/aads/go100/docs,1,7934,0
contabo116,_remote_docs,mirror,of_original,contabo14:found:root/kis-autotrade-v4/frontend/public/reports,2,30589,0
contabo116,_remote_docs,mirror,of_original,contabo14:found:root/kis-autotrade-v4/report,209,1181553,0
contabo116,_remote_docs,mirror,of_original,contabo14:kis-autotrade-v4/docs,368,6346910,0
contabo116,_remote_docs,mirror,of_original,contabo14:kis-autotrade-v4/reports,157,1640572,0
contabo116,found:root/aads-worktrees/aads015-authority-ledger-20261001/app/reports,worktree,of_original,contabo116:aads-server/reports,1,15370,0
contabo116,found:root/aads-worktrees/aads015-authority-ledger-20261001/docs,worktree,of_original,contabo116:aads-docs,14,80630,0
contabo116,found:root/aads-worktrees/aads015-authority-ledger-20261001/docs,worktree,of_original,contabo116:aads-server/app-static-reports,1,62723,0
contabo116,found:root/aads-worktrees/aads015-authority-ledger-20261001/docs,worktree,of_original,contabo116:aads-server/docs,397,5654290,0
contabo116,found:root/aads-worktrees/aads015-authority-ledger-20261001/reports,worktree,of_original,contabo116:aads-dashboard/docs,1,20843,0
contabo116,found:root/aads-worktrees/aads015-authority-ledger-20261001/reports,worktree,of_original,contabo116:aads-docs,5,67061,0
contabo116,found:root/aads-worktrees/aads015-authority-ledger-20261001/reports,worktree,of_original,contabo116:aads-server/app-static-reports,1,38746,0
contabo116,found:root/aads-worktrees/aads015-authority-ledger-20261001/reports,worktree,of_original,contabo116:aads-server/reports,80,1177621,0
contabo116,found:root/aads-worktrees/authority-contract-20261001/app/reports,worktree,of_original,contabo116:aads-server/reports,1,15370,0
contabo116,found:root/aads-worktrees/authority-contract-20261001/docs,worktree,of_original,contabo116:aads-docs,14,80630,0
contabo116,found:root/aads-worktrees/authority-contract-20261001/docs,worktree,of_original,contabo116:aads-server/app-static-reports,1,62723,0
contabo116,found:root/aads-worktrees/authority-contract-20261001/docs,worktree,of_original,contabo116:aads-server/docs,397,5654290,0
contabo116,found:root/aads-worktrees/authority-contract-20261001/reports,worktree,of_original,contabo116:aads-dashboard/docs,1,20843,0
contabo116,found:root/aads-worktrees/authority-contract-20261001/reports,worktree,of_original,contabo116:aads-docs,5,67061,0
contabo116,found:root/aads-worktrees/authority-contract-20261001/reports,worktree,of_original,contabo116:aads-server/app-static-reports,1,38746,0
contabo116,found:root/aads-worktrees/authority-contract-20261001/reports,worktree,of_original,contabo116:aads-server/reports,80,1177621,0
contabo116,found:root/aads-worktrees/authority-p0-impl-20261001/app/reports,worktree,of_original,contabo116:aads-server/reports,1,15370,0
contabo116,found:root/aads-worktrees/authority-p0-impl-20261001/docs,worktree,of_original,contabo116:aads-docs,14,80630,0
contabo116,found:root/aads-worktrees/authority-p0-impl-20261001/docs,worktree,of_original,contabo116:aads-server/app-static-reports,1,62723,0
contabo116,found:root/aads-worktrees/authority-p0-impl-20261001/docs,worktree,of_original,contabo116:aads-server/docs,397,5654290,0
contabo116,found:root/aads-worktrees/authority-p0-impl-20261001/reports,worktree,of_original,contabo116:aads-dashboard/docs,1,20843,0
contabo116,found:root/aads-worktrees/authority-p0-impl-20261001/reports,worktree,of_original,contabo116:aads-docs,5,67061,0
contabo116,found:root/aads-worktrees/authority-p0-impl-20261001/reports,worktree,of_original,contabo116:aads-server/app-static-reports,1,38746,0
contabo116,found:root/aads-worktrees/authority-p0-impl-20261001/reports,worktree,of_original,contabo116:aads-server/reports,80,1177621,0
contabo116,found:root/aads-worktrees/authority-p0-reqlocal-20261001/app/reports,worktree,of_original,contabo116:aads-server/reports,1,15370,0
contabo116,found:root/aads-worktrees/authority-p0-reqlocal-20261001/docs,worktree,of_original,contabo116:aads-docs,14,80630,0
contabo116,found:root/aads-worktrees/authority-p0-reqlocal-20261001/docs,worktree,of_original,contabo116:aads-server/app-static-reports,1,62723,0
contabo116,found:root/aads-worktrees/authority-p0-reqlocal-20261001/docs,worktree,of_original,contabo116:aads-server/docs,397,5654290,0
contabo116,found:root/aads-worktrees/authority-p0-reqlocal-20261001/docs,worktree,of_original,contabo116:found:root/aads/mirrors/aads-server/docs,1,14310,0
contabo116,found:root/aads-worktrees/authority-p0-reqlocal-20261001/reports,worktree,of_original,contabo116:aads-dashboard/docs,1,20843,0
contabo116,found:root/aads-worktrees/authority-p0-reqlocal-20261001/reports,worktree,of_original,contabo116:aads-docs,5,67061,0
contabo116,found:root/aads-worktrees/authority-p0-reqlocal-20261001/reports,worktree,of_original,contabo116:aads-server/app-static-reports,1,38746,0
contabo116,found:root/aads-worktrees/authority-p0-reqlocal-20261001/reports,worktree,of_original,contabo116:aads-server/reports,80,1177621,0
contabo116,found:root/aads-worktrees/authority-p0-reqlocal-20261001/reports,worktree,of_original,contabo116:found:root/aads/mirrors/aads-server/reports,1,5550,0
contabo116,found:root/aads-worktrees/current-authority-docs-20261001/app/reports,worktree,of_original,contabo116:aads-server/reports,1,15370,0
contabo116,found:root/aads-worktrees/current-authority-docs-20261001/docs,worktree,of_original,contabo116:aads-docs,14,80630,0
contabo116,found:root/aads-worktrees/current-authority-docs-20261001/docs,worktree,of_original,contabo116:aads-server/app-static-reports,1,62723,0
contabo116,found:root/aads-worktrees/current-authority-docs-20261001/docs,worktree,of_original,contabo116:aads-server/docs,397,5654290,0
contabo116,found:root/aads-worktrees/current-authority-docs-20261001/reports,worktree,of_original,contabo116:aads-dashboard/docs,1,20843,0
contabo116,found:root/aads-worktrees/current-authority-docs-20261001/reports,worktree,of_original,contabo116:aads-docs,5,67061,0
contabo116,found:root/aads-worktrees/current-authority-docs-20261001/reports,worktree,of_original,contabo116:aads-server/app-static-reports,1,38746,0
contabo116,found:root/aads-worktrees/current-authority-docs-20261001/reports,worktree,of_original,contabo116:aads-server/reports,80,1177621,0
contabo116,found:root/aads-worktrees/rag-contract-violation-20261001/app/reports,worktree,of_original,contabo116:aads-server/reports,1,15370,0
contabo116,found:root/aads-worktrees/rag-contract-violation-20261001/docs,worktree,of_original,contabo116:aads-docs,14,80630,0
contabo116,found:root/aads-worktrees/rag-contract-violation-20261001/docs,worktree,of_original,contabo116:aads-server/app-static-reports,1,62723,0
contabo116,found:root/aads-worktrees/rag-contract-violation-20261001/docs,worktree,of_original,contabo116:aads-server/docs,397,5654290,0
contabo116,found:root/aads-worktrees/rag-contract-violation-20261001/docs,worktree,of_original,contabo116:found:root/aads/mirrors/aads-server/docs,1,14310,0
contabo116,found:root/aads-worktrees/rag-contract-violation-20261001/reports,worktree,of_original,contabo116:aads-dashboard/docs,1,20843,0
contabo116,found:root/aads-worktrees/rag-contract-violation-20261001/reports,worktree,of_original,contabo116:aads-docs,5,67061,0
contabo116,found:root/aads-worktrees/rag-contract-violation-20261001/reports,worktree,of_original,contabo116:aads-server/app-static-reports,1,38746,0
contabo116,found:root/aads-worktrees/rag-contract-violation-20261001/reports,worktree,of_original,contabo116:aads-server/reports,80,1177621,0
contabo116,found:root/aads-worktrees/rag-contract-violation-20261001/reports,worktree,of_original,contabo116:found:root/aads/mirrors/aads-server/reports,1,5550,0
contabo116,found:root/aads/aads-dashboard-unni/docs,worktree,of_original,contabo116:aads-dashboard/docs,4,23166,0
contabo116,found:root/aads/aads-dashboard-unni/reports,worktree,of_original,contabo116:found:root/aads/aads-dashboard/reports,4,6736,0
contabo116,found:root/aads/aads-server-release-2bfdc89b/app/reports,release,of_original,contabo116:aads-server/reports,1,15370,0
contabo116,found:root/aads/aads-server-release-2bfdc89b/docs,release,of_original,contabo116:aads-docs,14,80630,0
contabo116,found:root/aads/aads-server-release-2bfdc89b/docs,release,of_original,contabo116:aads-server/app-static-reports,1,62723,0
contabo116,found:root/aads/aads-server-release-2bfdc89b/docs,release,of_original,contabo116:aads-server/docs,393,5614401,0
contabo116,found:root/aads/aads-server-release-2bfdc89b/reports,release,of_original,contabo116:aads-dashboard/docs,1,20843,0
contabo116,found:root/aads/aads-server-release-2bfdc89b/reports,release,of_original,contabo116:aads-docs,5,67061,0
contabo116,found:root/aads/aads-server-release-2bfdc89b/reports,release,of_original,contabo116:aads-server/app-static-reports,1,38746,0
contabo116,found:root/aads/aads-server-release-2bfdc89b/reports,release,of_original,contabo116:aads-server/reports,80,1177621,0
contabo116,found:root/aads/aads-server-release-c47e8f75/app/reports,release,of_original,contabo116:aads-server/reports,1,15370,0
contabo116,found:root/aads/aads-server-release-c47e8f75/docs,release,of_original,contabo116:aads-docs,14,80630,0
contabo116,found:root/aads/aads-server-release-c47e8f75/docs,release,of_original,contabo116:aads-server/app-static-reports,1,62723,0
contabo116,found:root/aads/aads-server-release-c47e8f75/docs,release,of_original,contabo116:aads-server/docs,397,5654290,0
contabo116,found:root/aads/aads-server-release-c47e8f75/docs,release,of_original,contabo116:found:root/aads/mirrors/aads-server/docs,4,57710,0
contabo116,found:root/aads/aads-server-release-c47e8f75/reports,release,of_original,contabo116:aads-dashboard/docs,1,20843,0
contabo116,found:root/aads/aads-server-release-c47e8f75/reports,release,of_original,contabo116:aads-docs,5,67061,0
contabo116,found:root/aads/aads-server-release-c47e8f75/reports,release,of_original,contabo116:aads-server/app-static-reports,1,38746,0
contabo116,found:root/aads/aads-server-release-c47e8f75/reports,release,of_original,contabo116:aads-server/reports,80,1177621,0
contabo116,found:root/aads/aads-server-release-c47e8f75/reports,release,of_original,contabo116:found:root/aads/mirrors/aads-server/reports,1,5550,0
contabo116,found:root/aads/go100-card310-b-9HO1fh/repo/docs,worktree,of_original,cafe24_114:data-project-docs,10,97452,0
contabo116,found:root/aads/go100-card310-b-9HO1fh/repo/docs,worktree,of_original,cafe24_114:found:root/newtalk-v2/project-docs-repo/kis-autotrade-v4/reports,1,4498,0
contabo116,found:root/aads/go100-card310-b-9HO1fh/repo/docs,worktree,of_original,cafe24_114:go100/docs,564,7140901,0
contabo116,found:root/aads/go100-card310-b-9HO1fh/repo/docs,worktree,of_original,contabo116:aads-docs,3,100716,0
contabo116,found:root/aads/go100-card310-b-9HO1fh/repo/docs,worktree,of_original,contabo116:found:root/aads/go100/docs,1,52294,0
contabo116,found:root/aads/go100-card310-b-9HO1fh/repo/docs,worktree,of_original,contabo14:found:root/kis-autotrade-v4/frontend/public/reports,10,92419,0
contabo116,found:root/aads/go100-card310-b-9HO1fh/repo/docs,worktree,of_original,contabo14:found:root/kis-autotrade-v4/report,1,10030,0
contabo116,found:root/aads/go100-card310-b-9HO1fh/repo/docs,worktree,of_original,contabo14:kis-autotrade-v4/docs,174,2246727,0
contabo116,found:root/aads/go100-card310-b-9HO1fh/repo/report,worktree,of_original,cafe24_114:data-project-docs,251,1808384,0
contabo116,found:root/aads/go100-card310-b-9HO1fh/repo/report,worktree,of_original,cafe24_114:found:root/go100/report,1,5120,0
contabo116,found:root/aads/go100-card310-b-9HO1fh/repo/report,worktree,of_original,cafe24_114:found:root/newtalk-v2-api-repo/project-docs-repo/go100/reports,14,128484,0
contabo116,found:root/aads/go100-card310-b-9HO1fh/repo/report,worktree,of_original,cafe24_114:found:root/newtalk-v2-api-repo/project-docs-repo/kis-autotrade-v4/reports,46,272441,0
contabo116,found:root/aads/go100-card310-b-9HO1fh/repo/report,worktree,of_original,cafe24_114:found:root/newtalk-v2/project-docs-repo/kis-autotrade-v4/reports,4,54780,0
contabo116,found:root/aads/go100-card310-b-9HO1fh/repo/report,worktree,of_original,cafe24_114:found:srv/newtalk-v2/project-docs-repo/kis-autotrade-v4/reports,1,39491,0
contabo116,found:root/aads/go100-card310-b-9HO1fh/repo/report,worktree,of_original,contabo14:found:root/kis-autotrade-v4/report,168,1001554,0
contabo116,found:root/aads/go100-card310-b-9HO1fh/repo/reports,worktree,of_original,contabo14:found:root/kis-autotrade-v4/frontend/public/reports,1,5493,0
contabo116,found:root/aads/go100-card310-b-9HO1fh/repo/reports,worktree,of_original,contabo14:kis-autotrade-v4/reports,13,88211,0
contabo116,found:root/aads/go100-phase1-direct.njt3pt/backend/docs,worktree,of_original,contabo14:found:root/kis-autotrade-v4/backend/docs,1,24110,0
contabo116,found:root/aads/go100-phase1-direct.njt3pt/backend/reports,worktree,of_original,contabo14:found:root/kis-autotrade-v4/backend/reports,3,36992,0
contabo116,found:root/aads/go100-phase1-direct.njt3pt/docs,worktree,of_original,cafe24_114:data-project-docs,10,97452,0
contabo116,found:root/aads/go100-phase1-direct.njt3pt/docs,worktree,of_original,cafe24_114:found:root/newtalk-v2/project-docs-repo/kis-autotrade-v4/reports,1,4498,0
contabo116,found:root/aads/go100-phase1-direct.njt3pt/docs,worktree,of_original,cafe24_114:go100/docs,564,7140901,0
contabo116,found:root/aads/go100-phase1-direct.njt3pt/docs,worktree,of_original,contabo116:aads-docs,3,100716,0
contabo116,found:root/aads/go100-phase1-direct.njt3pt/docs,worktree,of_original,contabo116:found:root/aads/go100/docs,1,52294,0
contabo116,found:root/aads/go100-phase1-direct.njt3pt/docs,worktree,of_original,contabo14:found:root/kis-autotrade-v4/frontend/public/reports,12,195400,0
contabo116,found:root/aads/go100-phase1-direct.njt3pt/docs,worktree,of_original,contabo14:found:root/kis-autotrade-v4/report,1,10030,0
contabo116,found:root/aads/go100-phase1-direct.njt3pt/docs,worktree,of_original,contabo14:kis-autotrade-v4/docs,180,2322732,0
contabo116,found:root/aads/go100-phase1-direct.njt3pt/docs,worktree,snapshot_duplicate,contabo116:found:root/aads/go100-card310-b-9HO1fh/repo/docs,11,145156,0
contabo116,found:root/aads/go100-phase1-direct.njt3pt/report,worktree,of_original,cafe24_114:data-project-docs,251,1808384,0
contabo116,found:root/aads/go100-phase1-direct.njt3pt/report,worktree,of_original,cafe24_114:found:root/go100/report,1,5120,0
contabo116,found:root/aads/go100-phase1-direct.njt3pt/report,worktree,of_original,cafe24_114:found:root/newtalk-v2-api-repo/project-docs-repo/go100/reports,14,128484,0
contabo116,found:root/aads/go100-phase1-direct.njt3pt/report,worktree,of_original,cafe24_114:found:root/newtalk-v2-api-repo/project-docs-repo/kis-autotrade-v4/reports,46,272441,0
contabo116,found:root/aads/go100-phase1-direct.njt3pt/report,worktree,of_original,cafe24_114:found:root/newtalk-v2/project-docs-repo/kis-autotrade-v4/reports,4,54780,0
contabo116,found:root/aads/go100-phase1-direct.njt3pt/report,worktree,of_original,cafe24_114:found:srv/newtalk-v2/project-docs-repo/kis-autotrade-v4/reports,1,39491,0
contabo116,found:root/aads/go100-phase1-direct.njt3pt/report,worktree,of_original,contabo14:found:root/kis-autotrade-v4/report,168,1001554,0
contabo116,found:root/aads/go100-phase1-direct.njt3pt/report,worktree,snapshot_duplicate,contabo116:found:root/aads/go100-card310-b-9HO1fh/repo/report,2,18106,0
contabo116,found:root/aads/go100-phase1-direct.njt3pt/reports,worktree,of_original,contabo14:found:root/kis-autotrade-v4/frontend/public/reports,1,5493,0
contabo116,found:root/aads/go100-phase1-direct.njt3pt/reports,worktree,of_original,contabo14:kis-autotrade-v4/reports,14,109682,0
contabo116,found:root/aads/go100-wave-direct-20260909/backend/docs,worktree,of_original,contabo14:found:root/kis-autotrade-v4/backend/docs,1,24110,0
contabo116,found:root/aads/go100-wave-direct-20260909/backend/reports,worktree,of_original,contabo14:found:root/kis-autotrade-v4/backend/reports,3,36992,0
contabo116,found:root/aads/go100-wave-direct-20260909/docs,worktree,of_original,cafe24_114:data-project-docs,10,97452,0
contabo116,found:root/aads/go100-wave-direct-20260909/docs,worktree,of_original,cafe24_114:found:root/newtalk-v2/project-docs-repo/kis-autotrade-v4/reports,1,4498,0
contabo116,found:root/aads/go100-wave-direct-20260909/docs,worktree,of_original,cafe24_114:go100/docs,564,7140901,0
contabo116,found:root/aads/go100-wave-direct-20260909/docs,worktree,of_original,contabo116:aads-docs,3,100716,0
contabo116,found:root/aads/go100-wave-direct-20260909/docs,worktree,of_original,contabo116:found:root/aads/go100/docs,1,52294,0
contabo116,found:root/aads/go100-wave-direct-20260909/docs,worktree,of_original,contabo14:found:root/kis-autotrade-v4/frontend/public/reports,10,92419,0
contabo116,found:root/aads/go100-wave-direct-20260909/docs,worktree,of_original,contabo14:found:root/kis-autotrade-v4/report,1,10030,0
contabo116,found:root/aads/go100-wave-direct-20260909/docs,worktree,of_original,contabo14:kis-autotrade-v4/docs,149,1893052,0
contabo116,found:root/aads/go100-wave-direct-20260909/docs,worktree,snapshot_duplicate,contabo116:found:root/aads/go100-card310-b-9HO1fh/repo/docs,9,63267,0
contabo116,found:root/aads/go100-wave-direct-20260909/report,worktree,of_original,cafe24_114:data-project-docs,251,1808384,0
contabo116,found:root/aads/go100-wave-direct-20260909/report,worktree,of_original,cafe24_114:found:root/go100/report,1,5120,0
contabo116,found:root/aads/go100-wave-direct-20260909/report,worktree,of_original,cafe24_114:found:root/newtalk-v2-api-repo/project-docs-repo/go100/reports,14,128484,0
contabo116,found:root/aads/go100-wave-direct-20260909/report,worktree,of_original,cafe24_114:found:root/newtalk-v2-api-repo/project-docs-repo/kis-autotrade-v4/reports,46,272441,0
contabo116,found:root/aads/go100-wave-direct-20260909/report,worktree,of_original,cafe24_114:found:root/newtalk-v2/project-docs-repo/kis-autotrade-v4/reports,4,54780,0
contabo116,found:root/aads/go100-wave-direct-20260909/report,worktree,of_original,cafe24_114:found:srv/newtalk-v2/project-docs-repo/kis-autotrade-v4/reports,1,39491,0
contabo116,found:root/aads/go100-wave-direct-20260909/report,worktree,of_original,contabo14:found:root/kis-autotrade-v4/report,168,1001554,0
contabo116,found:root/aads/go100-wave-direct-20260909/report,worktree,snapshot_duplicate,contabo116:found:root/aads/go100-card310-b-9HO1fh/repo/report,2,18106,0
contabo116,found:root/aads/go100-wave-direct-20260909/reports,worktree,of_original,contabo14:found:root/kis-autotrade-v4/frontend/public/reports,1,5493,0
contabo116,found:root/aads/go100-wave-direct-20260909/reports,worktree,of_original,contabo14:kis-autotrade-v4/reports,12,85630,0
contabo116,found:root/aads/wt-obys-v41-bizdocs/app/reports,worktree,of_original,contabo116:aads-server/reports,1,15370,0
contabo116,found:root/aads/wt-obys-v41-bizdocs/docs,worktree,of_original,contabo116:aads-docs,14,80630,0
contabo116,found:root/aads/wt-obys-v41-bizdocs/docs,worktree,of_original,contabo116:aads-server/app-static-reports,1,62723,0
contabo116,found:root/aads/wt-obys-v41-bizdocs/docs,worktree,of_original,contabo116:aads-server/docs,393,5614401,0
contabo116,found:root/aads/wt-obys-v41-bizdocs/docs,worktree,snapshot_duplicate,contabo116:found:root/aads/aads-server-release-2bfdc89b/docs,2,24804,0
contabo116,found:root/aads/wt-obys-v41-bizdocs/reports,worktree,of_original,contabo116:aads-dashboard/docs,1,20843,0
contabo116,found:root/aads/wt-obys-v41-bizdocs/reports,worktree,of_original,contabo116:aads-docs,5,67061,0
contabo116,found:root/aads/wt-obys-v41-bizdocs/reports,worktree,of_original,contabo116:aads-server/app-static-reports,1,38746,0
contabo116,found:root/aads/wt-obys-v41-bizdocs/reports,worktree,of_original,contabo116:aads-server/reports,80,1177621,0
contabo116,found:root/aads/wt/sb-direct-closeout-20260929/docs,worktree,of_original,contabo116:aads-docs,14,80630,0
contabo116,found:root/aads/wt/sb-direct-closeout-20260929/docs,worktree,of_original,contabo116:aads-server/app-static-reports,1,62723,0
contabo116,found:root/aads/wt/sb-direct-closeout-20260929/docs,worktree,of_original,contabo116:aads-server/docs,366,5369968,0
contabo116,found:root/aads/wt/sb-direct-closeout-20260929/docs,worktree,snapshot_duplicate,contabo116:found:root/aads/aads-server-release-2bfdc89b/docs,2,24804,0
contabo116,found:root/aads/wt/sb-direct-closeout-20260929/reports,worktree,of_original,contabo116:aads-dashboard/docs,1,20843,0
contabo116,found:root/aads/wt/sb-direct-closeout-20260929/reports,worktree,of_original,contabo116:aads-docs,5,67061,0
contabo116,found:root/aads/wt/sb-direct-closeout-20260929/reports,worktree,of_original,contabo116:aads-server/app-static-reports,1,38746,0
contabo116,found:root/aads/wt/sb-direct-closeout-20260929/reports,worktree,of_original,contabo116:aads-server/reports,79,1159327,0
contabo116,found:root/aads/yeoljeong-dashboard-closeout-20260722-QjK6Q4/docs,worktree,of_original,contabo116:aads-dashboard/docs,4,23166,0
contabo116,found:root/aads/yeoljeong-dashboard-closeout-20260722-QjK6Q4/reports,worktree,of_original,contabo116:found:root/aads/aads-dashboard/reports,4,6736,0
contabo116,found:root/go100-incremental-live-20260930/docs,worktree,of_original,contabo14:kis-autotrade-v4/docs,1,5314,0
contabo14,found:opt/go100/backend-releases/08a0d3694/docs,release,of_original,contabo14:found:root/kis-autotrade-v4/frontend/public/reports,13,247694,0
contabo14,found:opt/go100/backend-releases/08a0d3694/docs,release,of_original,contabo14:found:root/kis-autotrade-v4/report,1,10030,0
contabo14,found:opt/go100/backend-releases/08a0d3694/docs,release,of_original,contabo14:kis-autotrade-v4/docs,875,11611278,0
contabo14,found:opt/go100/backend-releases/08a0d3694/report,release,of_original,contabo14:found:root/kis-autotrade-v4/report,488,3329841,0
contabo14,found:opt/go100/backend-releases/08a0d3694/reports,release,of_original,contabo14:found:root/kis-autotrade-v4/frontend/public/reports,1,5493,0
contabo14,found:opt/go100/backend-releases/08a0d3694/reports,release,of_original,contabo14:kis-autotrade-v4/reports,18,164888,0
contabo14,found:opt/go100/backend-releases/1845c42e0/docs,release,of_original,contabo14:found:root/kis-autotrade-v4/frontend/public/reports,13,247694,0
contabo14,found:opt/go100/backend-releases/1845c42e0/docs,release,of_original,contabo14:found:root/kis-autotrade-v4/report,1,10030,0
contabo14,found:opt/go100/backend-releases/1845c42e0/docs,release,of_original,contabo14:kis-autotrade-v4/docs,873,12717891,0
contabo14,found:opt/go100/backend-releases/1845c42e0/docs,release,snapshot_duplicate,contabo116:found:root/aads/go100-card310-b-9HO1fh/repo/docs,1,4736,0
contabo14,found:opt/go100/backend-releases/1845c42e0/report,release,of_original,contabo14:found:root/kis-autotrade-v4/report,488,3329841,0
contabo14,found:opt/go100/backend-releases/1845c42e0/reports,release,of_original,contabo14:found:root/kis-autotrade-v4/frontend/public/reports,1,5493,0
contabo14,found:opt/go100/backend-releases/1845c42e0/reports,release,of_original,contabo14:kis-autotrade-v4/reports,18,164888,0
contabo14,found:opt/go100/backend-releases/32b002351/docs,release,of_original,contabo14:found:root/kis-autotrade-v4/frontend/public/reports,13,247694,0
contabo14,found:opt/go100/backend-releases/32b002351/docs,release,of_original,contabo14:found:root/kis-autotrade-v4/report,1,10030,0
contabo14,found:opt/go100/backend-releases/32b002351/docs,release,of_original,contabo14:kis-autotrade-v4/docs,875,12754664,0
contabo14,found:opt/go100/backend-releases/32b002351/docs,release,snapshot_duplicate,contabo116:found:root/aads/go100-card310-b-9HO1fh/repo/docs,1,4736,0
contabo14,found:opt/go100/backend-releases/32b002351/docs,release,snapshot_duplicate,contabo14:found:opt/go100/backend-releases/08a0d3694/docs,11,93198,0
contabo14,found:opt/go100/backend-releases/32b002351/report,release,of_original,contabo14:found:root/kis-autotrade-v4/report,488,3329841,0
contabo14,found:opt/go100/backend-releases/32b002351/reports,release,of_original,contabo14:found:root/kis-autotrade-v4/frontend/public/reports,1,5493,0
contabo14,found:opt/go100/backend-releases/32b002351/reports,release,of_original,contabo14:kis-autotrade-v4/reports,18,164888,0
contabo14,found:opt/go100/backend-releases/42d741f37/docs,release,of_original,contabo14:found:root/kis-autotrade-v4/frontend/public/reports,13,247694,0
contabo14,found:opt/go100/backend-releases/42d741f37/docs,release,of_original,contabo14:found:root/kis-autotrade-v4/report,1,10030,0
contabo14,found:opt/go100/backend-releases/42d741f37/docs,release,of_original,contabo14:kis-autotrade-v4/docs,872,12716286,0
contabo14,found:opt/go100/backend-releases/42d741f37/docs,release,snapshot_duplicate,contabo116:found:root/aads/go100-card310-b-9HO1fh/repo/docs,1,4736,0
contabo14,found:opt/go100/backend-releases/42d741f37/report,release,of_original,contabo14:found:root/kis-autotrade-v4/report,488,3329841,0
contabo14,found:opt/go100/backend-releases/42d741f37/reports,release,of_original,contabo14:found:root/kis-autotrade-v4/frontend/public/reports,1,5493,0
contabo14,found:opt/go100/backend-releases/42d741f37/reports,release,of_original,contabo14:kis-autotrade-v4/reports,18,164888,0
contabo14,found:opt/go100/backend-releases/4da82fb26/docs,release,of_original,contabo14:found:root/kis-autotrade-v4/frontend/public/reports,13,247694,0
contabo14,found:opt/go100/backend-releases/4da82fb26/docs,release,of_original,contabo14:found:root/kis-autotrade-v4/report,1,10030,0
contabo14,found:opt/go100/backend-releases/4da82fb26/docs,release,of_original,contabo14:kis-autotrade-v4/docs,875,11611278,0
contabo14,found:opt/go100/backend-releases/4da82fb26/docs,release,snapshot_duplicate,contabo14:found:opt/go100/backend-releases/08a0d3694/docs,14,1254799,0
contabo14,found:opt/go100/backend-releases/4da82fb26/report,release,of_original,contabo14:found:root/kis-autotrade-v4/report,488,3329841,0
contabo14,found:opt/go100/backend-releases/4da82fb26/reports,release,of_original,contabo14:found:root/kis-autotrade-v4/frontend/public/reports,1,5493,0
contabo14,found:opt/go100/backend-releases/4da82fb26/reports,release,of_original,contabo14:kis-autotrade-v4/reports,18,164888,0
contabo14,found:opt/go100/backend-releases/4e28cb5eb/docs,release,of_original,contabo14:found:root/kis-autotrade-v4/frontend/public/reports,13,247694,0
contabo14,found:opt/go100/backend-releases/4e28cb5eb/docs,release,of_original,contabo14:found:root/kis-autotrade-v4/report,1,10030,0
contabo14,found:opt/go100/backend-releases/4e28cb5eb/docs,release,of_original,contabo14:kis-autotrade-v4/docs,869,12700151,0
contabo14,found:opt/go100/backend-releases/4e28cb5eb/docs,release,snapshot_duplicate,contabo116:found:root/aads/go100-card310-b-9HO1fh/repo/docs,1,4736,0
contabo14,found:opt/go100/backend-releases/4e28cb5eb/docs,release,snapshot_duplicate,contabo14:found:opt/go100/backend-releases/42d741f37/docs,1,1489,0
contabo14,found:opt/go100/backend-releases/4e28cb5eb/report,release,of_original,contabo14:found:root/kis-autotrade-v4/report,488,3329841,0
contabo14,found:opt/go100/backend-releases/4e28cb5eb/reports,release,of_original,contabo14:found:root/kis-autotrade-v4/frontend/public/reports,1,5493,0
contabo14,found:opt/go100/backend-releases/4e28cb5eb/reports,release,of_original,contabo14:kis-autotrade-v4/reports,18,164888,0
contabo14,found:opt/go100/backend-releases/651f3af25/docs,release,of_original,contabo14:found:root/kis-autotrade-v4/frontend/public/reports,13,247694,0
contabo14,found:opt/go100/backend-releases/651f3af25/docs,release,of_original,contabo14:found:root/kis-autotrade-v4/report,1,10030,0
contabo14,found:opt/go100/backend-releases/651f3af25/docs,release,of_original,contabo14:kis-autotrade-v4/docs,875,11611278,0
contabo14,found:opt/go100/backend-releases/651f3af25/docs,release,snapshot_duplicate,contabo14:found:opt/go100/backend-releases/08a0d3694/docs,13,1247678,0
contabo14,found:opt/go100/backend-releases/651f3af25/report,release,of_original,contabo14:found:root/kis-autotrade-v4/report,488,3329841,0
contabo14,found:opt/go100/backend-releases/651f3af25/reports,release,of_original,contabo14:found:root/kis-autotrade-v4/frontend/public/reports,1,5493,0
contabo14,found:opt/go100/backend-releases/651f3af25/reports,release,of_original,contabo14:kis-autotrade-v4/reports,18,164888,0
contabo14,found:opt/go100/backend-releases/685d78ee1/docs,release,of_original,contabo14:found:root/kis-autotrade-v4/frontend/public/reports,13,247694,0
contabo14,found:opt/go100/backend-releases/685d78ee1/docs,release,of_original,contabo14:found:root/kis-autotrade-v4/report,1,10030,0
contabo14,found:opt/go100/backend-releases/685d78ee1/docs,release,of_original,contabo14:kis-autotrade-v4/docs,875,11611278,0
contabo14,found:opt/go100/backend-releases/685d78ee1/docs,release,snapshot_duplicate,contabo14:found:opt/go100/backend-releases/08a0d3694/docs,13,1252469,0
contabo14,found:opt/go100/backend-releases/685d78ee1/report,release,of_original,contabo14:found:root/kis-autotrade-v4/report,488,3329841,0
contabo14,found:opt/go100/backend-releases/685d78ee1/reports,release,of_original,contabo14:found:root/kis-autotrade-v4/frontend/public/reports,1,5493,0
contabo14,found:opt/go100/backend-releases/685d78ee1/reports,release,of_original,contabo14:kis-autotrade-v4/reports,18,164888,0
contabo14,found:opt/go100/backend-releases/75c6b7326/docs,release,of_original,contabo14:found:root/kis-autotrade-v4/frontend/public/reports,13,247694,0
contabo14,found:opt/go100/backend-releases/75c6b7326/docs,release,of_original,contabo14:found:root/kis-autotrade-v4/report,1,10030,0
contabo14,found:opt/go100/backend-releases/75c6b7326/docs,release,of_original,contabo14:kis-autotrade-v4/docs,875,12754664,0
contabo14,found:opt/go100/backend-releases/75c6b7326/docs,release,snapshot_duplicate,contabo116:found:root/aads/go100-card310-b-9HO1fh/repo/docs,1,4736,0
contabo14,found:opt/go100/backend-releases/75c6b7326/docs,release,snapshot_duplicate,contabo14:found:opt/go100/backend-releases/08a0d3694/docs,2,8362,0
contabo14,found:opt/go100/backend-releases/75c6b7326/report,release,of_original,contabo14:found:root/kis-autotrade-v4/report,488,3329841,0
contabo14,found:opt/go100/backend-releases/75c6b7326/reports,release,of_original,contabo14:found:root/kis-autotrade-v4/frontend/public/reports,1,5493,0
contabo14,found:opt/go100/backend-releases/75c6b7326/reports,release,of_original,contabo14:kis-autotrade-v4/reports,18,164888,0
contabo14,found:opt/go100/backend-releases/7d42dbeac/docs,release,of_original,contabo14:found:root/kis-autotrade-v4/frontend/public/reports,13,247694,0
contabo14,found:opt/go100/backend-releases/7d42dbeac/docs,release,of_original,contabo14:found:root/kis-autotrade-v4/report,1,10030,0
contabo14,found:opt/go100/backend-releases/7d42dbeac/docs,release,of_original,contabo14:kis-autotrade-v4/docs,869,12700151,0
contabo14,found:opt/go100/backend-releases/7d42dbeac/docs,release,snapshot_duplicate,contabo116:found:root/aads/go100-card310-b-9HO1fh/repo/docs,1,4736,0
contabo14,found:opt/go100/backend-releases/7d42dbeac/docs,release,snapshot_duplicate,contabo14:found:opt/go100/backend-releases/42d741f37/docs,1,1489,0
contabo14,found:opt/go100/backend-releases/7d42dbeac/report,release,of_original,contabo14:found:root/kis-autotrade-v4/report,488,3329841,0
contabo14,found:opt/go100/backend-releases/7d42dbeac/reports,release,of_original,contabo14:found:root/kis-autotrade-v4/frontend/public/reports,1,5493,0
contabo14,found:opt/go100/backend-releases/7d42dbeac/reports,release,of_original,contabo14:kis-autotrade-v4/reports,17,158834,0
contabo14,found:opt/go100/backend-releases/a7115356b/docs,release,of_original,contabo14:found:root/kis-autotrade-v4/frontend/public/reports,13,247694,0
contabo14,found:opt/go100/backend-releases/a7115356b/docs,release,of_original,contabo14:found:root/kis-autotrade-v4/report,1,10030,0
contabo14,found:opt/go100/backend-releases/a7115356b/docs,release,of_original,contabo14:kis-autotrade-v4/docs,875,11611278,0
contabo14,found:opt/go100/backend-releases/a7115356b/docs,release,snapshot_duplicate,contabo14:found:opt/go100/backend-releases/08a0d3694/docs,13,1252469,0
contabo14,found:opt/go100/backend-releases/a7115356b/docs,release,snapshot_duplicate,contabo14:found:opt/go100/backend-releases/685d78ee1/docs,7,92190,0
contabo14,found:opt/go100/backend-releases/a7115356b/report,release,of_original,contabo14:found:root/kis-autotrade-v4/report,488,3329841,0
contabo14,found:opt/go100/backend-releases/a7115356b/reports,release,of_original,contabo14:found:root/kis-autotrade-v4/frontend/public/reports,1,5493,0
contabo14,found:opt/go100/backend-releases/a7115356b/reports,release,of_original,contabo14:kis-autotrade-v4/reports,18,164888,0
contabo14,found:opt/go100/backend-releases/beb34d359/docs,release,of_original,contabo14:found:root/kis-autotrade-v4/frontend/public/reports,13,247694,0
contabo14,found:opt/go100/backend-releases/beb34d359/docs,release,of_original,contabo14:found:root/kis-autotrade-v4/report,1,10030,0
contabo14,found:opt/go100/backend-releases/beb34d359/docs,release,of_original,contabo14:kis-autotrade-v4/docs,875,12754664,0
contabo14,found:opt/go100/backend-releases/beb34d359/docs,release,snapshot_duplicate,contabo116:found:root/aads/go100-card310-b-9HO1fh/repo/docs,1,4736,0
contabo14,found:opt/go100/backend-releases/beb34d359/docs,release,snapshot_duplicate,contabo14:found:opt/go100/backend-releases/08a0d3694/docs,4,15663,0
contabo14,found:opt/go100/backend-releases/beb34d359/docs,release,snapshot_duplicate,contabo14:found:opt/go100/backend-releases/75c6b7326/docs,2,6156,0
contabo14,found:opt/go100/backend-releases/beb34d359/report,release,of_original,contabo14:found:root/kis-autotrade-v4/report,488,3329841,0
contabo14,found:opt/go100/backend-releases/beb34d359/reports,release,of_original,contabo14:found:root/kis-autotrade-v4/frontend/public/reports,1,5493,0
contabo14,found:opt/go100/backend-releases/beb34d359/reports,release,of_original,contabo14:kis-autotrade-v4/reports,18,164888,0
contabo14,found:opt/go100/backend-releases/e1e23e8c0/docs,release,of_original,contabo14:found:root/kis-autotrade-v4/frontend/public/reports,13,247694,0
contabo14,found:opt/go100/backend-releases/e1e23e8c0/docs,release,of_original,contabo14:found:root/kis-autotrade-v4/report,1,10030,0
contabo14,found:opt/go100/backend-releases/e1e23e8c0/docs,release,of_original,contabo14:kis-autotrade-v4/docs,875,11611278,0
contabo14,found:opt/go100/backend-releases/e1e23e8c0/docs,release,snapshot_duplicate,contabo14:found:opt/go100/backend-releases/08a0d3694/docs,14,1254799,0
contabo14,found:opt/go100/backend-releases/e1e23e8c0/report,release,of_original,contabo14:found:root/kis-autotrade-v4/report,488,3329841,0
contabo14,found:opt/go100/backend-releases/e1e23e8c0/reports,release,of_original,contabo14:found:root/kis-autotrade-v4/frontend/public/reports,1,5493,0
contabo14,found:opt/go100/backend-releases/e1e23e8c0/reports,release,of_original,contabo14:kis-autotrade-v4/reports,18,164888,0
contabo14,found:opt/go100/backend-releases/e6a5d7f7e/docs,release,of_original,contabo14:found:root/kis-autotrade-v4/frontend/public/reports,13,247694,0
contabo14,found:opt/go100/backend-releases/e6a5d7f7e/docs,release,of_original,contabo14:found:root/kis-autotrade-v4/report,1,10030,0
contabo14,found:opt/go100/backend-releases/e6a5d7f7e/docs,release,of_original,contabo14:kis-autotrade-v4/docs,875,12754664,0
contabo14,found:opt/go100/backend-releases/e6a5d7f7e/docs,release,snapshot_duplicate,contabo116:found:root/aads/go100-card310-b-9HO1fh/repo/docs,1,4736,0
contabo14,found:opt/go100/backend-releases/e6a5d7f7e/docs,release,snapshot_duplicate,contabo14:found:opt/go100/backend-releases/08a0d3694/docs,4,15663,0
contabo14,found:opt/go100/backend-releases/e6a5d7f7e/docs,release,snapshot_duplicate,contabo14:found:opt/go100/backend-releases/75c6b7326/docs,2,6156,0
contabo14,found:opt/go100/backend-releases/e6a5d7f7e/report,release,of_original,contabo14:found:root/kis-autotrade-v4/report,488,3329841,0
contabo14,found:opt/go100/backend-releases/e6a5d7f7e/reports,release,of_original,contabo14:found:root/kis-autotrade-v4/frontend/public/reports,1,5493,0
contabo14,found:opt/go100/backend-releases/e6a5d7f7e/reports,release,of_original,contabo14:kis-autotrade-v4/reports,18,164888,0
contabo14,found:opt/go100/backend-releases/e7a787806/docs,release,of_original,contabo14:found:root/kis-autotrade-v4/frontend/public/reports,13,247694,0
contabo14,found:opt/go100/backend-releases/e7a787806/docs,release,of_original,contabo14:found:root/kis-autotrade-v4/report,1,10030,0
contabo14,found:opt/go100/backend-releases/e7a787806/docs,release,of_original,contabo14:kis-autotrade-v4/docs,875,12754664,0
contabo14,found:opt/go100/backend-releases/e7a787806/docs,release,snapshot_duplicate,contabo116:found:root/aads/go100-card310-b-9HO1fh/repo/docs,1,4736,0
contabo14,found:opt/go100/backend-releases/e7a787806/docs,release,snapshot_duplicate,contabo14:found:opt/go100/backend-releases/08a0d3694/docs,4,15663,0
contabo14,found:opt/go100/backend-releases/e7a787806/docs,release,snapshot_duplicate,contabo14:found:opt/go100/backend-releases/75c6b7326/docs,2,6156,0
contabo14,found:opt/go100/backend-releases/e7a787806/report,release,of_original,contabo14:found:root/kis-autotrade-v4/report,488,3329841,0
contabo14,found:opt/go100/backend-releases/e7a787806/reports,release,of_original,contabo14:found:root/kis-autotrade-v4/frontend/public/reports,1,5493,0
contabo14,found:opt/go100/backend-releases/e7a787806/reports,release,of_original,contabo14:kis-autotrade-v4/reports,18,164888,0
contabo14,found:opt/go100/backend-releases/f3b8da5ba/docs,release,of_original,contabo14:found:root/kis-autotrade-v4/frontend/public/reports,13,247694,0
contabo14,found:opt/go100/backend-releases/f3b8da5ba/docs,release,of_original,contabo14:found:root/kis-autotrade-v4/report,1,10030,0
contabo14,found:opt/go100/backend-releases/f3b8da5ba/docs,release,of_original,contabo14:kis-autotrade-v4/docs,860,12616356,0
contabo14,found:opt/go100/backend-releases/f3b8da5ba/docs,release,snapshot_duplicate,contabo116:found:root/aads/go100-card310-b-9HO1fh/repo/docs,1,4736,0
contabo14,found:opt/go100/backend-releases/f3b8da5ba/docs,release,snapshot_duplicate,contabo14:found:opt/go100/backend-releases/42d741f37/docs,1,1489,0
contabo14,found:opt/go100/backend-releases/f3b8da5ba/report,release,of_original,contabo14:found:root/kis-autotrade-v4/report,488,3329841,0
contabo14,found:opt/go100/backend-releases/f3b8da5ba/reports,release,of_original,contabo14:found:root/kis-autotrade-v4/frontend/public/reports,1,5493,0
contabo14,found:opt/go100/backend-releases/f3b8da5ba/reports,release,of_original,contabo14:kis-autotrade-v4/reports,17,158834,0
contabo14,found:opt/go100/backend-releases/f408c52b3/docs,release,of_original,contabo14:found:root/kis-autotrade-v4/frontend/public/reports,13,247694,0
contabo14,found:opt/go100/backend-releases/f408c52b3/docs,release,of_original,contabo14:found:root/kis-autotrade-v4/report,1,10030,0
contabo14,found:opt/go100/backend-releases/f408c52b3/docs,release,of_original,contabo14:kis-autotrade-v4/docs,875,11611278,0
contabo14,found:opt/go100/backend-releases/f408c52b3/docs,release,snapshot_duplicate,contabo14:found:opt/go100/backend-releases/08a0d3694/docs,13,1247678,0
contabo14,found:opt/go100/backend-releases/f408c52b3/report,release,of_original,contabo14:found:root/kis-autotrade-v4/report,488,3329841,0
contabo14,found:opt/go100/backend-releases/f408c52b3/reports,release,of_original,contabo14:found:root/kis-autotrade-v4/frontend/public/reports,1,5493,0
contabo14,found:opt/go100/backend-releases/f408c52b3/reports,release,of_original,contabo14:kis-autotrade-v4/reports,18,164888,0
contabo14,found:opt/go100/backend-releases/fe0ec465a/docs,release,of_original,contabo14:found:root/kis-autotrade-v4/frontend/public/reports,13,247694,0
contabo14,found:opt/go100/backend-releases/fe0ec465a/docs,release,of_original,contabo14:found:root/kis-autotrade-v4/report,1,10030,0
contabo14,found:opt/go100/backend-releases/fe0ec465a/docs,release,of_original,contabo14:kis-autotrade-v4/docs,875,11611278,0
contabo14,found:opt/go100/backend-releases/fe0ec465a/docs,release,snapshot_duplicate,contabo14:found:opt/go100/backend-releases/08a0d3694/docs,13,1252469,0
contabo14,found:opt/go100/backend-releases/fe0ec465a/docs,release,snapshot_duplicate,contabo14:found:opt/go100/backend-releases/685d78ee1/docs,7,92190,0
contabo14,found:opt/go100/backend-releases/fe0ec465a/docs,release,snapshot_duplicate,contabo14:found:opt/go100/backend-releases/a7115356b/docs,1,23826,0
contabo14,found:opt/go100/backend-releases/fe0ec465a/report,release,of_original,contabo14:found:root/kis-autotrade-v4/report,488,3329841,0
contabo14,found:opt/go100/backend-releases/fe0ec465a/reports,release,of_original,contabo14:found:root/kis-autotrade-v4/frontend/public/reports,1,5493,0
contabo14,found:opt/go100/backend-releases/fe0ec465a/reports,release,of_original,contabo14:kis-autotrade-v4/reports,18,164888,0
contabo14,found:opt/go100/bt-canonical-p0r2-20260914/backend/docs,worktree,of_original,contabo14:found:root/kis-autotrade-v4/backend/docs,1,24110,0
contabo14,found:opt/go100/bt-canonical-p0r2-20260914/backend/reports,worktree,of_original,contabo14:found:root/kis-autotrade-v4/backend/reports,3,36992,0
contabo14,found:opt/go100/bt-canonical-p0r2-20260914/docs,worktree,of_original,cafe24_114:go100/docs,1,4910,0
contabo14,found:opt/go100/bt-canonical-p0r2-20260914/docs,worktree,of_original,contabo14:found:root/kis-autotrade-v4/frontend/public/reports,13,247694,0
contabo14,found:opt/go100/bt-canonical-p0r2-20260914/docs,worktree,of_original,contabo14:found:root/kis-autotrade-v4/report,1,10030,0
contabo14,found:opt/go100/bt-canonical-p0r2-20260914/docs,worktree,of_original,contabo14:kis-autotrade-v4/docs,761,9686207,0
contabo14,found:opt/go100/bt-canonical-p0r2-20260914/docs,worktree,snapshot_duplicate,contabo116:found:root/aads/go100-card310-b-9HO1fh/repo/docs,10,143463,0
contabo14,found:opt/go100/bt-canonical-p0r2-20260914/report,worktree,of_original,contabo14:found:root/kis-autotrade-v4/report,487,3328296,0
contabo14,found:opt/go100/bt-canonical-p0r2-20260914/reports,worktree,of_original,contabo14:found:root/kis-autotrade-v4/frontend/public/reports,1,5493,0
contabo14,found:opt/go100/bt-canonical-p0r2-20260914/reports,worktree,of_original,contabo14:kis-autotrade-v4/reports,14,109682,0
contabo14,found:opt/go100/card119-releases/da291646e/docs,release,of_original,cafe24_114:go100/docs,2,7883,0
contabo14,found:opt/go100/card119-releases/da291646e/docs,release,of_original,contabo14:found:root/kis-autotrade-v4/frontend/public/reports,11,144713,0
contabo14,found:opt/go100/card119-releases/da291646e/docs,release,of_original,contabo14:found:root/kis-autotrade-v4/report,1,10030,0
contabo14,found:opt/go100/card119-releases/da291646e/docs,release,of_original,contabo14:kis-autotrade-v4/docs,718,9170727,0
contabo14,found:opt/go100/card119-releases/da291646e/docs,release,snapshot_duplicate,contabo116:found:root/aads/go100-card310-b-9HO1fh/repo/docs,8,49844,0
contabo14,found:opt/go100/card119-releases/da291646e/docs,release,snapshot_duplicate,contabo116:found:root/aads/go100-wave-direct-20260909/docs,5,108596,0
contabo14,found:opt/go100/card119-releases/da291646e/report,release,of_original,cafe24_114:data-project-docs,1,13273,0
contabo14,found:opt/go100/card119-releases/da291646e/report,release,of_original,cafe24_114:found:root/go100/report,1,5120,0
contabo14,found:opt/go100/card119-releases/da291646e/report,release,of_original,cafe24_114:found:root/newtalk-v2-api-repo/project-docs-repo/go100/reports,5,50347,0
contabo14,found:opt/go100/card119-releases/da291646e/report,release,of_original,contabo14:found:root/kis-autotrade-v4/report,478,3241514,0
contabo14,found:opt/go100/card119-releases/da291646e/report,release,snapshot_duplicate,contabo116:found:root/aads/go100-card310-b-9HO1fh/repo/report,2,18106,0
contabo14,found:opt/go100/card119-releases/da291646e/reports,release,of_original,contabo14:found:root/kis-autotrade-v4/frontend/public/reports,1,5493,0
contabo14,found:opt/go100/card119-releases/da291646e/reports,release,of_original,contabo14:kis-autotrade-v4/reports,12,85630,0
contabo14,found:opt/go100/card119-releases/e70e9c9b6/docs,release,of_original,cafe24_114:go100/docs,2,7883,0
contabo14,found:opt/go100/card119-releases/e70e9c9b6/docs,release,of_original,contabo14:found:root/kis-autotrade-v4/frontend/public/reports,11,144713,0
contabo14,found:opt/go100/card119-releases/e70e9c9b6/docs,release,of_original,contabo14:found:root/kis-autotrade-v4/report,1,10030,0
contabo14,found:opt/go100/card119-releases/e70e9c9b6/docs,release,of_original,contabo14:kis-autotrade-v4/docs,718,9170727,0
contabo14,found:opt/go100/card119-releases/e70e9c9b6/docs,release,snapshot_duplicate,contabo116:found:root/aads/go100-card310-b-9HO1fh/repo/docs,8,49844,0
contabo14,found:opt/go100/card119-releases/e70e9c9b6/docs,release,snapshot_duplicate,contabo116:found:root/aads/go100-wave-direct-20260909/docs,5,108596,0
contabo14,found:opt/go100/card119-releases/e70e9c9b6/docs,release,snapshot_duplicate,contabo14:found:opt/go100/card119-releases/da291646e/docs,4,55507,0
contabo14,found:opt/go100/card119-releases/e70e9c9b6/report,release,of_original,cafe24_114:data-project-docs,1,13273,0
contabo14,found:opt/go100/card119-releases/e70e9c9b6/report,release,of_original,cafe24_114:found:root/go100/report,1,5120,0
contabo14,found:opt/go100/card119-releases/e70e9c9b6/report,release,of_original,cafe24_114:found:root/newtalk-v2-api-repo/project-docs-repo/go100/reports,5,50347,0
contabo14,found:opt/go100/card119-releases/e70e9c9b6/report,release,of_original,contabo14:found:root/kis-autotrade-v4/report,478,3241514,0
contabo14,found:opt/go100/card119-releases/e70e9c9b6/report,release,snapshot_duplicate,contabo116:found:root/aads/go100-card310-b-9HO1fh/repo/report,2,18106,0
contabo14,found:opt/go100/card119-releases/e70e9c9b6/reports,release,of_original,contabo14:found:root/kis-autotrade-v4/frontend/public/reports,1,5493,0
contabo14,found:opt/go100/card119-releases/e70e9c9b6/reports,release,of_original,contabo14:kis-autotrade-v4/reports,12,85630,0
contabo14,found:opt/go100/card310-releases/ef1013d2d/docs,release,of_original,cafe24_114:go100/docs,2,7883,0
contabo14,found:opt/go100/card310-releases/ef1013d2d/docs,release,of_original,contabo14:found:root/kis-autotrade-v4/frontend/public/reports,11,144713,0
contabo14,found:opt/go100/card310-releases/ef1013d2d/docs,release,of_original,contabo14:found:root/kis-autotrade-v4/report,1,10030,0
contabo14,found:opt/go100/card310-releases/ef1013d2d/docs,release,of_original,contabo14:kis-autotrade-v4/docs,739,9493430,0
contabo14,found:opt/go100/card310-releases/ef1013d2d/docs,release,snapshot_duplicate,contabo116:found:root/aads/go100-card310-b-9HO1fh/repo/docs,13,165988,0
contabo14,found:opt/go100/card310-releases/ef1013d2d/docs,release,snapshot_duplicate,contabo116:found:root/aads/go100-wave-direct-20260909/docs,1,5862,0
contabo14,found:opt/go100/card310-releases/ef1013d2d/report,release,of_original,cafe24_114:data-project-docs,1,13273,0
contabo14,found:opt/go100/card310-releases/ef1013d2d/report,release,of_original,cafe24_114:found:root/go100/report,1,5120,0
contabo14,found:opt/go100/card310-releases/ef1013d2d/report,release,of_original,cafe24_114:found:root/newtalk-v2-api-repo/project-docs-repo/go100/reports,5,50347,0
contabo14,found:opt/go100/card310-releases/ef1013d2d/report,release,of_original,contabo14:found:root/kis-autotrade-v4/report,478,3241514,0
contabo14,found:opt/go100/card310-releases/ef1013d2d/report,release,snapshot_duplicate,contabo116:found:root/aads/go100-card310-b-9HO1fh/repo/report,2,18106,0
contabo14,found:opt/go100/card310-releases/ef1013d2d/reports,release,of_original,contabo14:found:root/kis-autotrade-v4/frontend/public/reports,1,5493,0
contabo14,found:opt/go100/card310-releases/ef1013d2d/reports,release,of_original,contabo14:kis-autotrade-v4/reports,12,85630,0
contabo14,found:opt/go100/frontend-release-b0455d66c-20261002-083951/backend/docs,release,of_original,contabo14:found:root/kis-autotrade-v4/backend/docs,1,24110,0
contabo14,found:opt/go100/frontend-release-b0455d66c-20261002-083951/backend/reports,release,of_original,contabo14:found:root/kis-autotrade-v4/backend/reports,3,36992,0
contabo14,found:opt/go100/frontend-release-b0455d66c-20261002-083951/docs,release,of_original,contabo14:found:root/kis-autotrade-v4/frontend/public/reports,13,247694,0
contabo14,found:opt/go100/frontend-release-b0455d66c-20261002-083951/docs,release,of_original,contabo14:found:root/kis-autotrade-v4/report,1,10030,0
contabo14,found:opt/go100/frontend-release-b0455d66c-20261002-083951/docs,release,of_original,contabo14:kis-autotrade-v4/docs,875,11611278,0
contabo14,found:opt/go100/frontend-release-b0455d66c-20261002-083951/docs,release,snapshot_duplicate,contabo14:found:opt/go100/backend-releases/08a0d3694/docs,14,1254799,0
contabo14,found:opt/go100/frontend-release-b0455d66c-20261002-083951/docs,release,snapshot_duplicate,contabo14:found:opt/go100/backend-releases/685d78ee1/docs,2,27857,0
contabo14,found:opt/go100/frontend-release-b0455d66c-20261002-083951/report,release,of_original,contabo14:found:root/kis-autotrade-v4/report,488,3329841,0
contabo14,found:opt/go100/frontend-release-b0455d66c-20261002-083951/reports,release,of_original,contabo14:found:root/kis-autotrade-v4/frontend/public/reports,1,5493,0
contabo14,found:opt/go100/frontend-release-b0455d66c-20261002-083951/reports,release,of_original,contabo14:kis-autotrade-v4/reports,18,164888,0
contabo14,found:opt/go100/frontend-release-fdb21c6a9-20261001-111335/backend/docs,release,of_original,contabo14:found:root/kis-autotrade-v4/backend/docs,1,24110,0
contabo14,found:opt/go100/frontend-release-fdb21c6a9-20261001-111335/backend/reports,release,of_original,contabo14:found:root/kis-autotrade-v4/backend/reports,3,36992,0
contabo14,found:opt/go100/frontend-release-fdb21c6a9-20261001-111335/docs,release,of_original,contabo14:found:root/kis-autotrade-v4/frontend/public/reports,13,247694,0
contabo14,found:opt/go100/frontend-release-fdb21c6a9-20261001-111335/docs,release,of_original,contabo14:found:root/kis-autotrade-v4/report,1,10030,0
contabo14,found:opt/go100/frontend-release-fdb21c6a9-20261001-111335/docs,release,of_original,contabo14:kis-autotrade-v4/docs,875,12754664,0
contabo14,found:opt/go100/frontend-release-fdb21c6a9-20261001-111335/docs,release,snapshot_duplicate,contabo116:found:root/aads/go100-card310-b-9HO1fh/repo/docs,1,4736,0
contabo14,found:opt/go100/frontend-release-fdb21c6a9-20261001-111335/docs,release,snapshot_duplicate,contabo14:found:opt/go100/backend-releases/08a0d3694/docs,3,11398,0
contabo14,found:opt/go100/frontend-release-fdb21c6a9-20261001-111335/docs,release,snapshot_duplicate,contabo14:found:opt/go100/backend-releases/75c6b7326/docs,2,6156,0
contabo14,found:opt/go100/frontend-release-fdb21c6a9-20261001-111335/report,release,of_original,contabo14:found:root/kis-autotrade-v4/report,488,3329841,0
contabo14,found:opt/go100/frontend-release-fdb21c6a9-20261001-111335/reports,release,of_original,contabo14:found:root/kis-autotrade-v4/frontend/public/reports,1,5493,0
contabo14,found:opt/go100/frontend-release-fdb21c6a9-20261001-111335/reports,release,of_original,contabo14:kis-autotrade-v4/reports,18,164888,0
contabo14,found:opt/go100/learning-fixes/dateparam-20260911/docs,worktree,of_original,cafe24_114:go100/docs,2,7883,0
contabo14,found:opt/go100/learning-fixes/dateparam-20260911/docs,worktree,of_original,contabo14:found:root/kis-autotrade-v4/frontend/public/reports,11,144713,0
contabo14,found:opt/go100/learning-fixes/dateparam-20260911/docs,worktree,of_original,contabo14:found:root/kis-autotrade-v4/report,1,10030,0
contabo14,found:opt/go100/learning-fixes/dateparam-20260911/docs,worktree,of_original,contabo14:kis-autotrade-v4/docs,739,9493430,0
contabo14,found:opt/go100/learning-fixes/dateparam-20260911/docs,worktree,snapshot_duplicate,contabo116:found:root/aads/go100-card310-b-9HO1fh/repo/docs,13,165988,0
contabo14,found:opt/go100/learning-fixes/dateparam-20260911/docs,worktree,snapshot_duplicate,contabo14:found:opt/go100/card310-releases/ef1013d2d/docs,1,16483,0
contabo14,found:opt/go100/learning-fixes/dateparam-20260911/report,worktree,of_original,cafe24_114:data-project-docs,1,13273,0
contabo14,found:opt/go100/learning-fixes/dateparam-20260911/report,worktree,of_original,cafe24_114:found:root/go100/report,1,5120,0
contabo14,found:opt/go100/learning-fixes/dateparam-20260911/report,worktree,of_original,cafe24_114:found:root/newtalk-v2-api-repo/project-docs-repo/go100/reports,5,50347,0
contabo14,found:opt/go100/learning-fixes/dateparam-20260911/report,worktree,of_original,contabo14:found:root/kis-autotrade-v4/report,478,3241514,0
contabo14,found:opt/go100/learning-fixes/dateparam-20260911/report,worktree,snapshot_duplicate,contabo116:found:root/aads/go100-card310-b-9HO1fh/repo/report,2,18106,0
contabo14,found:opt/go100/learning-fixes/dateparam-20260911/reports,worktree,of_original,contabo14:found:root/kis-autotrade-v4/frontend/public/reports,1,5493,0
contabo14,found:opt/go100/learning-fixes/dateparam-20260911/reports,worktree,of_original,contabo14:kis-autotrade-v4/reports,13,88211,0
contabo14,found:opt/go100/learning-releases/34960fc58/docs,release,of_original,cafe24_114:go100/docs,2,7883,0
contabo14,found:opt/go100/learning-releases/34960fc58/docs,release,of_original,contabo14:found:root/kis-autotrade-v4/frontend/public/reports,11,144713,0
contabo14,found:opt/go100/learning-releases/34960fc58/docs,release,of_original,contabo14:found:root/kis-autotrade-v4/report,1,10030,0
contabo14,found:opt/go100/learning-releases/34960fc58/docs,release,of_original,contabo14:kis-autotrade-v4/docs,743,9534704,0
contabo14,found:opt/go100/learning-releases/34960fc58/docs,release,snapshot_duplicate,contabo116:found:root/aads/go100-card310-b-9HO1fh/repo/docs,13,165988,0
contabo14,found:opt/go100/learning-releases/34960fc58/report,release,of_original,cafe24_114:data-project-docs,1,13273,0
contabo14,found:opt/go100/learning-releases/34960fc58/report,release,of_original,cafe24_114:found:root/go100/report,1,5120,0
contabo14,found:opt/go100/learning-releases/34960fc58/report,release,of_original,cafe24_114:found:root/newtalk-v2-api-repo/project-docs-repo/go100/reports,5,50347,0
contabo14,found:opt/go100/learning-releases/34960fc58/report,release,of_original,contabo14:found:root/kis-autotrade-v4/report,478,3241514,0
contabo14,found:opt/go100/learning-releases/34960fc58/report,release,snapshot_duplicate,contabo116:found:root/aads/go100-card310-b-9HO1fh/repo/report,2,18106,0
contabo14,found:opt/go100/learning-releases/34960fc58/reports,release,of_original,contabo14:found:root/kis-autotrade-v4/frontend/public/reports,1,5493,0
contabo14,found:opt/go100/learning-releases/34960fc58/reports,release,of_original,contabo14:kis-autotrade-v4/reports,13,88211,0
contabo14,found:opt/go100/learning-releases/410b63645/docs,release,of_original,cafe24_114:go100/docs,2,7883,0
contabo14,found:opt/go100/learning-releases/410b63645/docs,release,of_original,contabo14:found:root/kis-autotrade-v4/frontend/public/reports,11,144713,0
contabo14,found:opt/go100/learning-releases/410b63645/docs,release,of_original,contabo14:found:root/kis-autotrade-v4/report,1,10030,0
contabo14,found:opt/go100/learning-releases/410b63645/docs,release,of_original,contabo14:kis-autotrade-v4/docs,739,9493430,0
contabo14,found:opt/go100/learning-releases/410b63645/docs,release,snapshot_duplicate,contabo116:found:root/aads/go100-card310-b-9HO1fh/repo/docs,13,165988,0
contabo14,found:opt/go100/learning-releases/410b63645/docs,release,snapshot_duplicate,contabo14:found:opt/go100/card310-releases/ef1013d2d/docs,1,16483,0
contabo14,found:opt/go100/learning-releases/410b63645/docs,release,snapshot_duplicate,contabo14:found:opt/go100/learning-fixes/dateparam-20260911/docs,2,922536,0
contabo14,found:opt/go100/learning-releases/410b63645/report,release,of_original,cafe24_114:data-project-docs,1,13273,0
contabo14,found:opt/go100/learning-releases/410b63645/report,release,of_original,cafe24_114:found:root/go100/report,1,5120,0
contabo14,found:opt/go100/learning-releases/410b63645/report,release,of_original,cafe24_114:found:root/newtalk-v2-api-repo/project-docs-repo/go100/reports,5,50347,0
contabo14,found:opt/go100/learning-releases/410b63645/report,release,of_original,contabo14:found:root/kis-autotrade-v4/report,478,3241514,0
contabo14,found:opt/go100/learning-releases/410b63645/report,release,snapshot_duplicate,contabo116:found:root/aads/go100-card310-b-9HO1fh/repo/report,2,18106,0
contabo14,found:opt/go100/learning-releases/410b63645/reports,release,of_original,contabo14:found:root/kis-autotrade-v4/frontend/public/reports,1,5493,0
contabo14,found:opt/go100/learning-releases/410b63645/reports,release,of_original,contabo14:kis-autotrade-v4/reports,13,88211,0
contabo14,found:opt/go100/learning-releases/b87a7a4cf/docs,release,of_original,cafe24_114:go100/docs,2,7883,0
contabo14,found:opt/go100/learning-releases/b87a7a4cf/docs,release,of_original,contabo14:found:root/kis-autotrade-v4/frontend/public/reports,11,144713,0
contabo14,found:opt/go100/learning-releases/b87a7a4cf/docs,release,of_original,contabo14:found:root/kis-autotrade-v4/report,1,10030,0
contabo14,found:opt/go100/learning-releases/b87a7a4cf/docs,release,of_original,contabo14:kis-autotrade-v4/docs,742,9525464,0
contabo14,found:opt/go100/learning-releases/b87a7a4cf/docs,release,snapshot_duplicate,contabo116:found:root/aads/go100-card310-b-9HO1fh/repo/docs,13,165988,0
contabo14,found:opt/go100/learning-releases/b87a7a4cf/docs,release,snapshot_duplicate,contabo14:found:opt/go100/learning-fixes/dateparam-20260911/docs,1,7055,0
contabo14,found:opt/go100/learning-releases/b87a7a4cf/report,release,of_original,cafe24_114:data-project-docs,1,13273,0
contabo14,found:opt/go100/learning-releases/b87a7a4cf/report,release,of_original,cafe24_114:found:root/go100/report,1,5120,0
contabo14,found:opt/go100/learning-releases/b87a7a4cf/report,release,of_original,cafe24_114:found:root/newtalk-v2-api-repo/project-docs-repo/go100/reports,5,50347,0
contabo14,found:opt/go100/learning-releases/b87a7a4cf/report,release,of_original,contabo14:found:root/kis-autotrade-v4/report,478,3241514,0
contabo14,found:opt/go100/learning-releases/b87a7a4cf/report,release,snapshot_duplicate,contabo116:found:root/aads/go100-card310-b-9HO1fh/repo/report,2,18106,0
contabo14,found:opt/go100/learning-releases/b87a7a4cf/reports,release,of_original,contabo14:found:root/kis-autotrade-v4/frontend/public/reports,1,5493,0
contabo14,found:opt/go100/learning-releases/b87a7a4cf/reports,release,of_original,contabo14:kis-autotrade-v4/reports,13,88211,0
contabo14,found:opt/go100/learning-releases/b882b7444/docs,release,of_original,cafe24_114:go100/docs,2,7883,0
contabo14,found:opt/go100/learning-releases/b882b7444/docs,release,of_original,contabo14:found:root/kis-autotrade-v4/frontend/public/reports,11,144713,0
contabo14,found:opt/go100/learning-releases/b882b7444/docs,release,of_original,contabo14:found:root/kis-autotrade-v4/report,1,10030,0
contabo14,found:opt/go100/learning-releases/b882b7444/docs,release,of_original,contabo14:kis-autotrade-v4/docs,739,9493430,0
contabo14,found:opt/go100/learning-releases/b882b7444/docs,release,snapshot_duplicate,contabo116:found:root/aads/go100-card310-b-9HO1fh/repo/docs,13,165988,0
contabo14,found:opt/go100/learning-releases/b882b7444/docs,release,snapshot_duplicate,contabo14:found:opt/go100/card310-releases/ef1013d2d/docs,1,16483,0
contabo14,found:opt/go100/learning-releases/b882b7444/docs,release,snapshot_duplicate,contabo14:found:opt/go100/learning-fixes/dateparam-20260911/docs,1,7055,0
contabo14,found:opt/go100/learning-releases/b882b7444/report,release,of_original,cafe24_114:data-project-docs,1,13273,0
contabo14,found:opt/go100/learning-releases/b882b7444/report,release,of_original,cafe24_114:found:root/go100/report,1,5120,0
contabo14,found:opt/go100/learning-releases/b882b7444/report,release,of_original,cafe24_114:found:root/newtalk-v2-api-repo/project-docs-repo/go100/reports,5,50347,0
contabo14,found:opt/go100/learning-releases/b882b7444/report,release,of_original,contabo14:found:root/kis-autotrade-v4/report,478,3241514,0
contabo14,found:opt/go100/learning-releases/b882b7444/report,release,snapshot_duplicate,contabo116:found:root/aads/go100-card310-b-9HO1fh/repo/report,2,18106,0
contabo14,found:opt/go100/learning-releases/b882b7444/reports,release,of_original,contabo14:found:root/kis-autotrade-v4/frontend/public/reports,1,5493,0
contabo14,found:opt/go100/learning-releases/b882b7444/reports,release,of_original,contabo14:kis-autotrade-v4/reports,12,85630,0
contabo14,found:opt/go100/mtf-releases/18a526126432e68ef04348aae780bb951b29a13b/docs,release,of_original,contabo14:kis-autotrade-v4/docs,1,4148,0
contabo14,found:opt/go100/mtf-releases/789621d87e21fab487000b0e1cd546a13ca778d7-p0-r2/docs,release,of_original,contabo14:kis-autotrade-v4/docs,1,4148,0
contabo14,found:opt/go100/mtf-releases/b55322b21c40d40d516d6f62c228189ccf945097/docs,release,snapshot_duplicate,contabo14:found:opt/go100/mtf-releases/3b47389217a93cd03b0f5f8f3788cc5f58cf0cc3/docs,1,3830,0
contabo14,found:opt/go100/push-2bcc1947c.uj6ndC/backend/docs,worktree,of_original,contabo14:found:root/kis-autotrade-v4/backend/docs,1,24110,0
contabo14,found:opt/go100/push-2bcc1947c.uj6ndC/backend/reports,worktree,of_original,contabo14:found:root/kis-autotrade-v4/backend/reports,3,36992,0
contabo14,found:opt/go100/push-2bcc1947c.uj6ndC/docs,worktree,of_original,cafe24_114:go100/docs,2,7883,0
contabo14,found:opt/go100/push-2bcc1947c.uj6ndC/docs,worktree,of_original,contabo14:found:root/kis-autotrade-v4/frontend/public/reports,11,144713,0
contabo14,found:opt/go100/push-2bcc1947c.uj6ndC/docs,worktree,of_original,contabo14:found:root/kis-autotrade-v4/report,1,10030,0
contabo14,found:opt/go100/push-2bcc1947c.uj6ndC/docs,worktree,of_original,contabo14:kis-autotrade-v4/docs,697,8897186,0
contabo14,found:opt/go100/push-2bcc1947c.uj6ndC/docs,worktree,snapshot_duplicate,contabo116:found:root/aads/go100-card310-b-9HO1fh/repo/docs,3,14725,0
contabo14,found:opt/go100/push-2bcc1947c.uj6ndC/docs,worktree,snapshot_duplicate,contabo116:found:root/aads/go100-wave-direct-20260909/docs,2,18069,0
contabo14,found:opt/go100/push-2bcc1947c.uj6ndC/docs,worktree,snapshot_duplicate,contabo14:found:opt/go100/card119-releases/da291646e/docs,1,10047,0
contabo14,found:opt/go100/push-2bcc1947c.uj6ndC/report,worktree,of_original,cafe24_114:data-project-docs,1,13273,0
contabo14,found:opt/go100/push-2bcc1947c.uj6ndC/report,worktree,of_original,cafe24_114:found:root/go100/report,1,5120,0
contabo14,found:opt/go100/push-2bcc1947c.uj6ndC/report,worktree,of_original,cafe24_114:found:root/newtalk-v2-api-repo/project-docs-repo/go100/reports,5,50347,0
contabo14,found:opt/go100/push-2bcc1947c.uj6ndC/report,worktree,of_original,contabo14:found:root/kis-autotrade-v4/report,478,3241514,0
contabo14,found:opt/go100/push-2bcc1947c.uj6ndC/report,worktree,snapshot_duplicate,contabo116:found:root/aads/go100-card310-b-9HO1fh/repo/report,2,18106,0
contabo14,found:opt/go100/push-2bcc1947c.uj6ndC/reports,worktree,of_original,contabo14:kis-autotrade-v4/reports,7,52473,0
contabo14,found:opt/go100/push-eda4da255.Nkmx9y/backend/docs,worktree,of_original,contabo14:found:root/kis-autotrade-v4/backend/docs,1,24110,0
contabo14,found:opt/go100/push-eda4da255.Nkmx9y/backend/reports,worktree,of_original,contabo14:found:root/kis-autotrade-v4/backend/reports,3,36992,0
contabo14,found:opt/go100/push-eda4da255.Nkmx9y/docs,worktree,of_original,cafe24_114:go100/docs,2,7883,0
contabo14,found:opt/go100/push-eda4da255.Nkmx9y/docs,worktree,of_original,contabo14:found:root/kis-autotrade-v4/frontend/public/reports,11,144713,0
contabo14,found:opt/go100/push-eda4da255.Nkmx9y/docs,worktree,of_original,contabo14:found:root/kis-autotrade-v4/report,1,10030,0
contabo14,found:opt/go100/push-eda4da255.Nkmx9y/docs,worktree,of_original,contabo14:kis-autotrade-v4/docs,697,8897186,0
contabo14,found:opt/go100/push-eda4da255.Nkmx9y/docs,worktree,snapshot_duplicate,contabo116:found:root/aads/go100-card310-b-9HO1fh/repo/docs,3,14725,0
contabo14,found:opt/go100/push-eda4da255.Nkmx9y/docs,worktree,snapshot_duplicate,contabo116:found:root/aads/go100-wave-direct-20260909/docs,2,18069,0
contabo14,found:opt/go100/push-eda4da255.Nkmx9y/docs,worktree,snapshot_duplicate,contabo14:found:opt/go100/card119-releases/da291646e/docs,1,10047,0
contabo14,found:opt/go100/push-eda4da255.Nkmx9y/docs,worktree,snapshot_duplicate,contabo14:found:opt/go100/push-2bcc1947c.uj6ndC/docs,2,11149,0
contabo14,found:opt/go100/push-eda4da255.Nkmx9y/report,worktree,of_original,cafe24_114:data-project-docs,1,13273,0
contabo14,found:opt/go100/push-eda4da255.Nkmx9y/report,worktree,of_original,cafe24_114:found:root/go100/report,1,5120,0
contabo14,found:opt/go100/push-eda4da255.Nkmx9y/report,worktree,of_original,cafe24_114:found:root/newtalk-v2-api-repo/project-docs-repo/go100/reports,5,50347,0
contabo14,found:opt/go100/push-eda4da255.Nkmx9y/report,worktree,of_original,contabo14:found:root/kis-autotrade-v4/report,478,3241514,0
contabo14,found:opt/go100/push-eda4da255.Nkmx9y/report,worktree,snapshot_duplicate,contabo116:found:root/aads/go100-card310-b-9HO1fh/repo/report,2,18106,0
contabo14,found:opt/go100/push-eda4da255.Nkmx9y/reports,worktree,of_original,contabo14:kis-autotrade-v4/reports,7,52473,0
contabo14,found:opt/go100/worktrees/bt-canonical-p0-r2-20260914/docs,worktree,of_original,cafe24_114:go100/docs,1,4910,0
contabo14,found:opt/go100/worktrees/bt-canonical-p0-r2-20260914/docs,worktree,of_original,contabo14:found:root/kis-autotrade-v4/frontend/public/reports,13,247694,0
contabo14,found:opt/go100/worktrees/bt-canonical-p0-r2-20260914/docs,worktree,of_original,contabo14:found:root/kis-autotrade-v4/report,1,10030,0
contabo14,found:opt/go100/worktrees/bt-canonical-p0-r2-20260914/docs,worktree,of_original,contabo14:kis-autotrade-v4/docs,760,9681721,0
contabo14,found:opt/go100/worktrees/bt-canonical-p0-r2-20260914/docs,worktree,snapshot_duplicate,contabo116:found:root/aads/go100-card310-b-9HO1fh/repo/docs,10,143463,0
contabo14,found:opt/go100/worktrees/bt-canonical-p0-r2-20260914/docs,worktree,snapshot_duplicate,contabo14:found:opt/go100/bt-canonical-p0r2-20260914/docs,3,44045,0
contabo14,found:opt/go100/worktrees/bt-canonical-p0-r2-20260914/report,worktree,of_original,contabo14:found:root/kis-autotrade-v4/report,487,3328296,0
contabo14,found:opt/go100/worktrees/bt-canonical-p0-r2-20260914/reports,worktree,of_original,contabo14:found:root/kis-autotrade-v4/frontend/public/reports,1,5493,0
contabo14,found:opt/go100/worktrees/bt-canonical-p0-r2-20260914/reports,worktree,of_original,contabo14:kis-autotrade-v4/reports,14,109682,0
contabo14,found:opt/go100/worktrees/c310-ops-direct-d7276f0a7/docs,worktree,of_original,contabo14:found:root/kis-autotrade-v4/frontend/public/reports,13,247694,0
contabo14,found:opt/go100/worktrees/c310-ops-direct-d7276f0a7/docs,worktree,of_original,contabo14:found:root/kis-autotrade-v4/report,1,10030,0
contabo14,found:opt/go100/worktrees/c310-ops-direct-d7276f0a7/docs,worktree,of_original,contabo14:kis-autotrade-v4/docs,875,11611278,0
contabo14,found:opt/go100/worktrees/c310-ops-direct-d7276f0a7/docs,worktree,snapshot_duplicate,contabo14:found:opt/go100/backend-releases/08a0d3694/docs,13,1252469,0
contabo14,found:opt/go100/worktrees/c310-ops-direct-d7276f0a7/docs,worktree,snapshot_duplicate,contabo14:found:opt/go100/backend-releases/685d78ee1/docs,6,88988,0
contabo14,found:opt/go100/worktrees/c310-ops-direct-d7276f0a7/report,worktree,of_original,contabo14:found:root/kis-autotrade-v4/report,488,3329841,0
contabo14,found:opt/go100/worktrees/c310-ops-direct-d7276f0a7/reports,worktree,of_original,contabo14:found:root/kis-autotrade-v4/frontend/public/reports,1,5493,0
contabo14,found:opt/go100/worktrees/c310-ops-direct-d7276f0a7/reports,worktree,of_original,contabo14:kis-autotrade-v4/reports,18,164888,0
contabo14,found:opt/go100/worktrees/c310-ops-minimal-5090/docs,worktree,of_original,contabo14:found:root/kis-autotrade-v4/frontend/public/reports,13,247694,0
contabo14,found:opt/go100/worktrees/c310-ops-minimal-5090/docs,worktree,of_original,contabo14:found:root/kis-autotrade-v4/report,1,10030,0
contabo14,found:opt/go100/worktrees/c310-ops-minimal-5090/docs,worktree,of_original,contabo14:kis-autotrade-v4/docs,875,11611278,0
contabo14,found:opt/go100/worktrees/c310-ops-minimal-5090/docs,worktree,snapshot_duplicate,contabo14:found:opt/go100/backend-releases/08a0d3694/docs,14,1254799,0
contabo14,found:opt/go100/worktrees/c310-ops-minimal-5090/docs,worktree,snapshot_duplicate,contabo14:found:opt/go100/backend-releases/685d78ee1/docs,2,27857,0
contabo14,found:opt/go100/worktrees/c310-ops-minimal-5090/report,worktree,of_original,contabo14:found:root/kis-autotrade-v4/report,488,3329841,0
contabo14,found:opt/go100/worktrees/c310-ops-minimal-5090/reports,worktree,of_original,contabo14:found:root/kis-autotrade-v4/frontend/public/reports,1,5493,0
contabo14,found:opt/go100/worktrees/c310-ops-minimal-5090/reports,worktree,of_original,contabo14:kis-autotrade-v4/reports,18,164888,0
contabo14,found:opt/go100/worktrees/chat-2648cf77-docs/docs,worktree,of_original,contabo14:found:root/kis-autotrade-v4/frontend/public/reports,13,247694,0
contabo14,found:opt/go100/worktrees/chat-2648cf77-docs/docs,worktree,of_original,contabo14:found:root/kis-autotrade-v4/report,1,10030,0
contabo14,found:opt/go100/worktrees/chat-2648cf77-docs/docs,worktree,of_original,contabo14:kis-autotrade-v4/docs,837,11656224,0
contabo14,found:opt/go100/worktrees/chat-2648cf77-docs/docs,worktree,snapshot_duplicate,contabo116:found:root/aads/go100-card310-b-9HO1fh/repo/docs,1,4736,0
contabo14,found:opt/go100/worktrees/chat-2648cf77-docs/report,worktree,of_original,contabo14:found:root/kis-autotrade-v4/report,488,3329841,0
contabo14,found:opt/go100/worktrees/chat-2648cf77-docs/reports,worktree,of_original,contabo14:found:root/kis-autotrade-v4/frontend/public/reports,1,5493,0
contabo14,found:opt/go100/worktrees/chat-2648cf77-docs/reports,worktree,of_original,contabo14:kis-autotrade-v4/reports,17,158834,0
contabo14,found:opt/go100/worktrees/st5-ops-direct-20260922/docs,worktree,of_original,contabo14:found:root/kis-autotrade-v4/frontend/public/reports,13,247694,0
contabo14,found:opt/go100/worktrees/st5-ops-direct-20260922/docs,worktree,of_original,contabo14:found:root/kis-autotrade-v4/report,1,10030,0
contabo14,found:opt/go100/worktrees/st5-ops-direct-20260922/docs,worktree,of_original,contabo14:kis-autotrade-v4/docs,809,10193333,0
contabo14,found:opt/go100/worktrees/st5-ops-direct-20260922/docs,worktree,snapshot_duplicate,contabo116:found:root/aads/go100-card310-b-9HO1fh/repo/docs,2,6989,0
contabo14,found:opt/go100/worktrees/st5-ops-direct-20260922/report,worktree,of_original,contabo14:found:root/kis-autotrade-v4/report,488,3329841,0
contabo14,found:opt/go100/worktrees/st5-ops-direct-20260922/reports,worktree,of_original,contabo14:found:root/kis-autotrade-v4/frontend/public/reports,1,5493,0
contabo14,found:opt/go100/worktrees/st5-ops-direct-20260922/reports,worktree,of_original,contabo14:kis-autotrade-v4/reports,17,158834,0
contabo14,found:opt/go100/worktrees/wave-history-direct-15782/docs,worktree,of_original,contabo14:found:root/kis-autotrade-v4/frontend/public/reports,13,247694,0
contabo14,found:opt/go100/worktrees/wave-history-direct-15782/docs,worktree,of_original,contabo14:found:root/kis-autotrade-v4/report,1,10030,0
contabo14,found:opt/go100/worktrees/wave-history-direct-15782/docs,worktree,of_original,contabo14:kis-autotrade-v4/docs,820,10269999,0
contabo14,found:opt/go100/worktrees/wave-history-direct-15782/docs,worktree,snapshot_duplicate,contabo116:found:root/aads/go100-card310-b-9HO1fh/repo/docs,1,4736,0
contabo14,found:opt/go100/worktrees/wave-history-direct-15782/docs,worktree,snapshot_duplicate,contabo14:found:opt/go100/worktrees/chat-2648cf77-docs/docs,1,2916,0
contabo14,found:opt/go100/worktrees/wave-history-direct-15782/docs,worktree,snapshot_duplicate,contabo14:found:opt/go100/worktrees/st5-ops-direct-20260922/docs,4,1170433,0
contabo14,found:opt/go100/worktrees/wave-history-direct-15782/report,worktree,of_original,contabo14:found:root/kis-autotrade-v4/report,488,3329841,0
contabo14,found:opt/go100/worktrees/wave-history-direct-15782/reports,worktree,of_original,contabo14:found:root/kis-autotrade-v4/frontend/public/reports,1,5493,0
contabo14,found:opt/go100/worktrees/wave-history-direct-15782/reports,worktree,of_original,contabo14:kis-autotrade-v4/reports,17,158834,0
contabo14,found:opt/go100/wt-wave-breadth-canary-20261002/backend/docs,worktree,of_original,contabo14:found:root/kis-autotrade-v4/backend/docs,1,24110,0
contabo14,found:opt/go100/wt-wave-breadth-canary-20261002/backend/reports,worktree,of_original,contabo14:found:root/kis-autotrade-v4/backend/reports,3,36992,0
contabo14,found:opt/go100/wt-wave-breadth-canary-20261002/docs,worktree,of_original,contabo14:found:root/kis-autotrade-v4/frontend/public/reports,13,247694,0
contabo14,found:opt/go100/wt-wave-breadth-canary-20261002/docs,worktree,of_original,contabo14:found:root/kis-autotrade-v4/report,1,10030,0
contabo14,found:opt/go100/wt-wave-breadth-canary-20261002/docs,worktree,of_original,contabo14:kis-autotrade-v4/docs,875,11611278,0
contabo14,found:opt/go100/wt-wave-breadth-canary-20261002/docs,worktree,snapshot_duplicate,contabo14:found:opt/go100/backend-releases/08a0d3694/docs,14,1254799,0
contabo14,found:opt/go100/wt-wave-breadth-canary-20261002/docs,worktree,snapshot_duplicate,contabo14:found:opt/go100/backend-releases/685d78ee1/docs,2,27857,0
contabo14,found:opt/go100/wt-wave-breadth-canary-20261002/report,worktree,of_original,contabo14:found:root/kis-autotrade-v4/report,488,3329841,0
contabo14,found:opt/go100/wt-wave-breadth-canary-20261002/reports,worktree,of_original,contabo14:found:root/kis-autotrade-v4/frontend/public/reports,1,5493,0
contabo14,found:opt/go100/wt-wave-breadth-canary-20261002/reports,worktree,of_original,contabo14:kis-autotrade-v4/reports,18,164888,0
contabo14,found:opt/go100/wt-wave-selord-20261001/backend/docs,worktree,of_original,contabo14:found:root/kis-autotrade-v4/backend/docs,1,24110,0
contabo14,found:opt/go100/wt-wave-selord-20261001/backend/reports,worktree,of_original,contabo14:found:root/kis-autotrade-v4/backend/reports,3,36992,0
contabo14,found:opt/go100/wt-wave-selord-20261001/docs,worktree,of_original,contabo14:found:root/kis-autotrade-v4/frontend/public/reports,13,247694,0
contabo14,found:opt/go100/wt-wave-selord-20261001/docs,worktree,of_original,contabo14:found:root/kis-autotrade-v4/report,1,10030,0
contabo14,found:opt/go100/wt-wave-selord-20261001/docs,worktree,of_original,contabo14:kis-autotrade-v4/docs,875,12754664,0
contabo14,found:opt/go100/wt-wave-selord-20261001/docs,worktree,snapshot_duplicate,contabo116:found:root/aads/go100-card310-b-9HO1fh/repo/docs,1,4736,0
contabo14,found:opt/go100/wt-wave-selord-20261001/docs,worktree,snapshot_duplicate,contabo14:found:opt/go100/backend-releases/08a0d3694/docs,11,93198,0
contabo14,found:opt/go100/wt-wave-selord-20261001/report,worktree,of_original,contabo14:found:root/kis-autotrade-v4/report,488,3329841,0
contabo14,found:opt/go100/wt-wave-selord-20261001/reports,worktree,of_original,contabo14:found:root/kis-autotrade-v4/frontend/public/reports,1,5493,0
contabo14,found:opt/go100/wt-wave-selord-20261001/reports,worktree,of_original,contabo14:kis-autotrade-v4/reports,18,164888,0
contabo14,found:root/aads-bluegreen-lease-release/server/docs,release,of_original,contabo116:aads-server/docs,1,2602,0
contabo14,found:root/go100-data-engine-phase2-bf6f/backend/docs,worktree,of_original,contabo14:found:root/kis-autotrade-v4/backend/docs,1,24110,0
contabo14,found:root/go100-data-engine-phase2-bf6f/backend/reports,worktree,of_original,contabo14:found:root/kis-autotrade-v4/backend/reports,3,36992,0
contabo14,found:root/go100-data-engine-phase2-bf6f/docs,worktree,of_original,contabo14:found:root/kis-autotrade-v4/frontend/public/reports,13,247694,0
contabo14,found:root/go100-data-engine-phase2-bf6f/docs,worktree,of_original,contabo14:found:root/kis-autotrade-v4/report,1,10030,0
contabo14,found:root/go100-data-engine-phase2-bf6f/docs,worktree,of_original,contabo14:kis-autotrade-v4/docs,828,11542612,0
contabo14,found:root/go100-data-engine-phase2-bf6f/docs,worktree,snapshot_duplicate,contabo116:found:root/aads/go100-card310-b-9HO1fh/repo/docs,1,4736,0
contabo14,found:root/go100-data-engine-phase2-bf6f/docs,worktree,snapshot_duplicate,contabo14:found:opt/go100/worktrees/chat-2648cf77-docs/docs,2,13276,0
contabo14,found:root/go100-data-engine-phase2-bf6f/docs,worktree,snapshot_duplicate,contabo14:found:opt/go100/worktrees/st5-ops-direct-20260922/docs,1,7824,0
contabo14,found:root/go100-data-engine-phase2-bf6f/frontend/public/reports,worktree,of_original,contabo14:found:root/kis-autotrade-v4/backend/reports,2,18977,0
contabo14,found:root/go100-data-engine-phase2-bf6f/frontend/public/reports,worktree,of_original,contabo14:found:root/kis-autotrade-v4/frontend/public/reports,73,2970368,0
contabo14,found:root/go100-data-engine-phase2-bf6f/report,worktree,of_original,contabo14:found:root/kis-autotrade-v4/report,488,3329841,0
contabo14,found:root/go100-data-engine-phase2-bf6f/reports,worktree,of_original,contabo14:found:root/kis-autotrade-v4/frontend/public/reports,1,5493,0
contabo14,found:root/go100-data-engine-phase2-bf6f/reports,worktree,of_original,contabo14:kis-autotrade-v4/reports,17,158834,0
contabo14,found:root/go100-data-engine-phase2-bf6f/server-116/newpigup3/reports,worktree,of_original,contabo14:found:root/kis-autotrade-v4/server-116/newpigup3/reports,4,22429,0
contabo14,found:root/go100-push-1235/backend/docs,worktree,of_original,contabo14:found:root/kis-autotrade-v4/backend/docs,1,24110,0
contabo14,found:root/go100-push-1235/backend/reports,worktree,of_original,contabo14:found:root/kis-autotrade-v4/backend/reports,3,36992,0
contabo14,found:root/go100-push-1235/docs,worktree,of_original,contabo14:found:root/kis-autotrade-v4/frontend/public/reports,13,247694,0
contabo14,found:root/go100-push-1235/docs,worktree,of_original,contabo14:found:root/kis-autotrade-v4/report,1,10030,0
contabo14,found:root/go100-push-1235/docs,worktree,of_original,contabo14:kis-autotrade-v4/docs,850,12180670,0
contabo14,found:root/go100-push-1235/docs,worktree,snapshot_duplicate,contabo116:found:root/aads/go100-card310-b-9HO1fh/repo/docs,1,4736,0
contabo14,found:root/go100-push-1235/frontend/public/reports,worktree,of_original,contabo14:found:root/kis-autotrade-v4/backend/reports,2,18977,0
contabo14,found:root/go100-push-1235/frontend/public/reports,worktree,of_original,contabo14:found:root/kis-autotrade-v4/frontend/public/reports,73,2970368,0
contabo14,found:root/go100-push-1235/report,worktree,of_original,contabo14:found:root/kis-autotrade-v4/report,488,3329841,0
contabo14,found:root/go100-push-1235/reports,worktree,of_original,contabo14:found:root/kis-autotrade-v4/frontend/public/reports,1,5493,0
contabo14,found:root/go100-push-1235/reports,worktree,of_original,contabo14:kis-autotrade-v4/reports,17,158834,0
contabo14,found:root/go100-push-1235/server-116/newpigup3/reports,worktree,of_original,contabo14:found:root/kis-autotrade-v4/server-116/newpigup3/reports,4,22429,0
contabo14,found:root/go100-push-1307/backend/docs,worktree,of_original,contabo14:found:root/kis-autotrade-v4/backend/docs,1,24110,0
contabo14,found:root/go100-push-1307/backend/reports,worktree,of_original,contabo14:found:root/kis-autotrade-v4/backend/reports,3,36992,0
contabo14,found:root/go100-push-1307/docs,worktree,of_original,contabo14:found:root/kis-autotrade-v4/frontend/public/reports,13,247694,0
contabo14,found:root/go100-push-1307/docs,worktree,of_original,contabo14:found:root/kis-autotrade-v4/report,1,10030,0
contabo14,found:root/go100-push-1307/docs,worktree,of_original,contabo14:kis-autotrade-v4/docs,850,12180670,0
contabo14,found:root/go100-push-1307/docs,worktree,snapshot_duplicate,contabo116:found:root/aads/go100-card310-b-9HO1fh/repo/docs,1,4736,0
contabo14,found:root/go100-push-1307/docs,worktree,snapshot_duplicate,contabo14:found:root/go100-push-1235/docs,1,135332,0
contabo14,found:root/go100-push-1307/frontend/public/reports,worktree,of_original,contabo14:found:root/kis-autotrade-v4/backend/reports,2,18977,0
contabo14,found:root/go100-push-1307/frontend/public/reports,worktree,of_original,contabo14:found:root/kis-autotrade-v4/frontend/public/reports,73,2970368,0
contabo14,found:root/go100-push-1307/report,worktree,of_original,contabo14:found:root/kis-autotrade-v4/report,488,3329841,0
contabo14,found:root/go100-push-1307/reports,worktree,of_original,contabo14:found:root/kis-autotrade-v4/frontend/public/reports,1,5493,0
contabo14,found:root/go100-push-1307/reports,worktree,of_original,contabo14:kis-autotrade-v4/reports,17,158834,0
contabo14,found:root/go100-push-1307/server-116/newpigup3/reports,worktree,of_original,contabo14:found:root/kis-autotrade-v4/server-116/newpigup3/reports,4,22429,0
contabo14,found:root/go100-rel-ds/backend/docs,worktree,of_original,contabo14:found:root/kis-autotrade-v4/backend/docs,1,24110,0
contabo14,found:root/go100-rel-ds/backend/reports,worktree,of_original,contabo14:found:root/kis-autotrade-v4/backend/reports,3,36992,0
contabo14,found:root/go100-rel-ds/docs,worktree,of_original,contabo14:found:root/kis-autotrade-v4/frontend/public/reports,13,247694,0
contabo14,found:root/go100-rel-ds/docs,worktree,of_original,contabo14:found:root/kis-autotrade-v4/report,1,10030,0
contabo14,found:root/go100-rel-ds/docs,worktree,of_original,contabo14:kis-autotrade-v4/docs,805,10166888,0
contabo14,found:root/go100-rel-ds/docs,worktree,snapshot_duplicate,contabo116:found:root/aads/go100-card310-b-9HO1fh/repo/docs,2,6989,0
contabo14,found:root/go100-rel-ds/docs,worktree,snapshot_duplicate,contabo14:found:opt/go100/worktrees/st5-ops-direct-20260922/docs,11,146422,0
contabo14,found:root/go100-rel-ds/frontend/public/reports,worktree,of_original,contabo14:found:root/kis-autotrade-v4/backend/reports,2,18977,0
contabo14,found:root/go100-rel-ds/frontend/public/reports,worktree,of_original,contabo14:found:root/kis-autotrade-v4/frontend/public/reports,73,2970368,0
contabo14,found:root/go100-rel-ds/report,worktree,of_original,contabo14:found:root/kis-autotrade-v4/report,488,3329841,0
contabo14,found:root/go100-rel-ds/reports,worktree,of_original,contabo14:found:root/kis-autotrade-v4/frontend/public/reports,1,5493,0
contabo14,found:root/go100-rel-ds/reports,worktree,of_original,contabo14:kis-autotrade-v4/reports,17,158834,0
contabo14,found:root/go100-rel-ds/server-116/newpigup3/reports,worktree,of_original,contabo14:found:root/kis-autotrade-v4/server-116/newpigup3/reports,4,22429,0
contabo14,found:root/go100-rel-dsr/backend/docs,worktree,of_original,contabo14:found:root/kis-autotrade-v4/backend/docs,1,24110,0
contabo14,found:root/go100-rel-dsr/backend/reports,worktree,of_original,contabo14:found:root/kis-autotrade-v4/backend/reports,3,36992,0
contabo14,found:root/go100-rel-dsr/docs,worktree,of_original,contabo14:found:root/kis-autotrade-v4/frontend/public/reports,13,247694,0
contabo14,found:root/go100-rel-dsr/docs,worktree,of_original,contabo14:found:root/kis-autotrade-v4/report,1,10030,0
contabo14,found:root/go100-rel-dsr/docs,worktree,of_original,contabo14:kis-autotrade-v4/docs,805,10166888,0
contabo14,found:root/go100-rel-dsr/docs,worktree,snapshot_duplicate,contabo116:found:root/aads/go100-card310-b-9HO1fh/repo/docs,2,6989,0
contabo14,found:root/go100-rel-dsr/docs,worktree,snapshot_duplicate,contabo14:found:opt/go100/worktrees/st5-ops-direct-20260922/docs,11,146422,0
contabo14,found:root/go100-rel-dsr/docs,worktree,snapshot_duplicate,contabo14:found:root/go100-rel-ds/docs,1,1140418,0
contabo14,found:root/go100-rel-dsr/frontend/public/reports,worktree,of_original,contabo14:found:root/kis-autotrade-v4/backend/reports,2,18977,0
contabo14,found:root/go100-rel-dsr/frontend/public/reports,worktree,of_original,contabo14:found:root/kis-autotrade-v4/frontend/public/reports,73,2970368,0
contabo14,found:root/go100-rel-dsr/report,worktree,of_original,contabo14:found:root/kis-autotrade-v4/report,488,3329841,0
contabo14,found:root/go100-rel-dsr/reports,worktree,of_original,contabo14:found:root/kis-autotrade-v4/frontend/public/reports,1,5493,0
contabo14,found:root/go100-rel-dsr/reports,worktree,of_original,contabo14:kis-autotrade-v4/reports,17,158834,0
contabo14,found:root/go100-rel-dsr/server-116/newpigup3/reports,worktree,of_original,contabo14:found:root/kis-autotrade-v4/server-116/newpigup3/reports,4,22429,0
contabo14,found:root/go100-release-1605/backend/docs,release,of_original,contabo14:found:root/kis-autotrade-v4/backend/docs,1,24110,0
contabo14,found:root/go100-release-1605/backend/reports,release,of_original,contabo14:found:root/kis-autotrade-v4/backend/reports,3,36992,0
contabo14,found:root/go100-release-1605/docs,release,of_original,contabo14:found:root/kis-autotrade-v4/frontend/public/reports,13,247694,0
contabo14,found:root/go100-release-1605/docs,release,of_original,contabo14:found:root/kis-autotrade-v4/report,1,10030,0
contabo14,found:root/go100-release-1605/docs,release,of_original,contabo14:kis-autotrade-v4/docs,839,11719618,0
contabo14,found:root/go100-release-1605/docs,release,snapshot_duplicate,contabo116:found:root/aads/go100-card310-b-9HO1fh/repo/docs,1,4736,0
contabo14,found:root/go100-release-1605/docs,release,snapshot_duplicate,contabo14:found:opt/go100/worktrees/chat-2648cf77-docs/docs,2,13276,0
contabo14,found:root/go100-release-1605/frontend/public/reports,release,of_original,contabo14:found:root/kis-autotrade-v4/backend/reports,2,18977,0
contabo14,found:root/go100-release-1605/frontend/public/reports,release,of_original,contabo14:found:root/kis-autotrade-v4/frontend/public/reports,73,2970368,0
contabo14,found:root/go100-release-1605/report,release,of_original,contabo14:found:root/kis-autotrade-v4/report,488,3329841,0
contabo14,found:root/go100-release-1605/reports,release,of_original,contabo14:found:root/kis-autotrade-v4/frontend/public/reports,1,5493,0
contabo14,found:root/go100-release-1605/reports,release,of_original,contabo14:kis-autotrade-v4/reports,17,158834,0
contabo14,found:root/go100-release-1605/server-116/newpigup3/reports,release,of_original,contabo14:found:root/kis-autotrade-v4/server-116/newpigup3/reports,4,22429,0
contabo14,found:root/go100-release-st5-0929/backend/docs,release,of_original,contabo14:found:root/kis-autotrade-v4/backend/docs,1,24110,0
contabo14,found:root/go100-release-st5-0929/backend/reports,release,of_original,contabo14:found:root/kis-autotrade-v4/backend/reports,3,36992,0
contabo14,found:root/go100-release-st5-0929/docs,release,of_original,contabo14:found:root/kis-autotrade-v4/frontend/public/reports,13,247694,0
contabo14,found:root/go100-release-st5-0929/docs,release,of_original,contabo14:found:root/kis-autotrade-v4/report,1,10030,0
contabo14,found:root/go100-release-st5-0929/docs,release,of_original,contabo14:kis-autotrade-v4/docs,835,11612801,0
contabo14,found:root/go100-release-st5-0929/docs,release,snapshot_duplicate,contabo116:found:root/aads/go100-card310-b-9HO1fh/repo/docs,1,4736,0
contabo14,found:root/go100-release-st5-0929/docs,release,snapshot_duplicate,contabo14:found:opt/go100/worktrees/chat-2648cf77-docs/docs,2,13276,0
contabo14,found:root/go100-release-st5-0929/docs,release,snapshot_duplicate,contabo14:found:root/go100-release-1605/docs,1,115072,0
contabo14,found:root/go100-release-st5-0929/frontend/public/reports,release,of_original,contabo14:found:root/kis-autotrade-v4/backend/reports,2,18977,0
contabo14,found:root/go100-release-st5-0929/frontend/public/reports,release,of_original,contabo14:found:root/kis-autotrade-v4/frontend/public/reports,73,2970368,0
contabo14,found:root/go100-release-st5-0929/report,release,of_original,contabo14:found:root/kis-autotrade-v4/report,488,3329841,0
contabo14,found:root/go100-release-st5-0929/reports,release,of_original,contabo14:found:root/kis-autotrade-v4/frontend/public/reports,1,5493,0
contabo14,found:root/go100-release-st5-0929/reports,release,of_original,contabo14:kis-autotrade-v4/reports,17,158834,0
contabo14,found:root/go100-release-st5-0929/server-116/newpigup3/reports,release,of_original,contabo14:found:root/kis-autotrade-v4/server-116/newpigup3/reports,4,22429,0
contabo14,found:root/go100-releases/c97083096/backend/docs,release,of_original,contabo14:found:root/kis-autotrade-v4/backend/docs,1,24110,0
contabo14,found:root/go100-releases/c97083096/backend/reports,release,of_original,contabo14:found:root/kis-autotrade-v4/backend/reports,3,36992,0
contabo14,found:root/go100-releases/c97083096/docs,release,of_original,cafe24_114:go100/docs,2,7883,0
contabo14,found:root/go100-releases/c97083096/docs,release,of_original,contabo14:found:root/kis-autotrade-v4/frontend/public/reports,11,144713,0
contabo14,found:root/go100-releases/c97083096/docs,release,of_original,contabo14:found:root/kis-autotrade-v4/report,1,10030,0
contabo14,found:root/go100-releases/c97083096/docs,release,of_original,contabo14:kis-autotrade-v4/docs,740,9495232,0
contabo14,found:root/go100-releases/c97083096/docs,release,snapshot_duplicate,contabo116:found:root/aads/go100-card310-b-9HO1fh/repo/docs,13,165988,0
contabo14,found:root/go100-releases/c97083096/docs,release,snapshot_duplicate,contabo14:found:opt/go100/learning-fixes/dateparam-20260911/docs,1,7055,0
contabo14,found:root/go100-releases/c97083096/report,release,of_original,cafe24_114:data-project-docs,1,13273,0
contabo14,found:root/go100-releases/c97083096/report,release,of_original,cafe24_114:found:root/go100/report,1,5120,0
contabo14,found:root/go100-releases/c97083096/report,release,of_original,cafe24_114:found:root/newtalk-v2-api-repo/project-docs-repo/go100/reports,5,50347,0
contabo14,found:root/go100-releases/c97083096/report,release,of_original,contabo14:found:root/kis-autotrade-v4/report,478,3241514,0
contabo14,found:root/go100-releases/c97083096/report,release,snapshot_duplicate,contabo116:found:root/aads/go100-card310-b-9HO1fh/repo/report,2,18106,0
contabo14,found:root/go100-releases/c97083096/reports,release,of_original,contabo14:found:root/kis-autotrade-v4/frontend/public/reports,1,5493,0
contabo14,found:root/go100-releases/c97083096/reports,release,of_original,contabo14:kis-autotrade-v4/reports,13,88211,0
contabo14,found:root/go100-releases/eecc740b5/backend/docs,release,of_original,contabo14:found:root/kis-autotrade-v4/backend/docs,1,24110,0
contabo14,found:root/go100-releases/eecc740b5/backend/reports,release,of_original,contabo14:found:root/kis-autotrade-v4/backend/reports,3,36992,0
contabo14,found:root/go100-releases/eecc740b5/docs,release,of_original,cafe24_114:go100/docs,2,7883,0
contabo14,found:root/go100-releases/eecc740b5/docs,release,of_original,contabo14:found:root/kis-autotrade-v4/frontend/public/reports,11,144713,0
contabo14,found:root/go100-releases/eecc740b5/docs,release,of_original,contabo14:found:root/kis-autotrade-v4/report,1,10030,0
contabo14,found:root/go100-releases/eecc740b5/docs,release,of_original,contabo14:kis-autotrade-v4/docs,740,9495232,0
contabo14,found:root/go100-releases/eecc740b5/docs,release,snapshot_duplicate,contabo116:found:root/aads/go100-card310-b-9HO1fh/repo/docs,13,165988,0
contabo14,found:root/go100-releases/eecc740b5/docs,release,snapshot_duplicate,contabo14:found:opt/go100/learning-fixes/dateparam-20260911/docs,1,7055,0
contabo14,found:root/go100-releases/eecc740b5/docs,release,snapshot_duplicate,contabo14:found:root/go100-releases/c97083096/docs,2,940900,0
contabo14,found:root/go100-releases/eecc740b5/report,release,of_original,cafe24_114:data-project-docs,1,13273,0
contabo14,found:root/go100-releases/eecc740b5/report,release,of_original,cafe24_114:found:root/go100/report,1,5120,0
contabo14,found:root/go100-releases/eecc740b5/report,release,of_original,cafe24_114:found:root/newtalk-v2-api-repo/project-docs-repo/go100/reports,5,50347,0
contabo14,found:root/go100-releases/eecc740b5/report,release,of_original,contabo14:found:root/kis-autotrade-v4/report,478,3241514,0
contabo14,found:root/go100-releases/eecc740b5/report,release,snapshot_duplicate,contabo116:found:root/aads/go100-card310-b-9HO1fh/repo/report,2,18106,0
contabo14,found:root/go100-releases/eecc740b5/reports,release,of_original,contabo14:found:root/kis-autotrade-v4/frontend/public/reports,1,5493,0
contabo14,found:root/go100-releases/eecc740b5/reports,release,of_original,contabo14:kis-autotrade-v4/reports,13,88211,0
contabo14,found:root/go100-releases/f5a8dd193/backend/docs,release,of_original,contabo14:found:root/kis-autotrade-v4/backend/docs,1,24110,0
contabo14,found:root/go100-releases/f5a8dd193/backend/reports,release,of_original,contabo14:found:root/kis-autotrade-v4/backend/reports,3,36992,0
contabo14,found:root/go100-releases/f5a8dd193/docs,release,of_original,cafe24_114:go100/docs,2,7883,0
contabo14,found:root/go100-releases/f5a8dd193/docs,release,of_original,contabo14:found:root/kis-autotrade-v4/frontend/public/reports,11,144713,0
contabo14,found:root/go100-releases/f5a8dd193/docs,release,of_original,contabo14:found:root/kis-autotrade-v4/report,1,10030,0
contabo14,found:root/go100-releases/f5a8dd193/docs,release,of_original,contabo14:kis-autotrade-v4/docs,740,9495232,0
contabo14,found:root/go100-releases/f5a8dd193/docs,release,snapshot_duplicate,contabo116:found:root/aads/go100-card310-b-9HO1fh/repo/docs,13,165988,0
contabo14,found:root/go100-releases/f5a8dd193/docs,release,snapshot_duplicate,contabo14:found:opt/go100/card310-releases/ef1013d2d/docs,1,16483,0
contabo14,found:root/go100-releases/f5a8dd193/docs,release,snapshot_duplicate,contabo14:found:opt/go100/learning-fixes/dateparam-20260911/docs,1,7055,0
contabo14,found:root/go100-releases/f5a8dd193/report,release,of_original,cafe24_114:data-project-docs,1,13273,0
contabo14,found:root/go100-releases/f5a8dd193/report,release,of_original,cafe24_114:found:root/go100/report,1,5120,0
contabo14,found:root/go100-releases/f5a8dd193/report,release,of_original,cafe24_114:found:root/newtalk-v2-api-repo/project-docs-repo/go100/reports,5,50347,0
contabo14,found:root/go100-releases/f5a8dd193/report,release,of_original,contabo14:found:root/kis-autotrade-v4/report,478,3241514,0
contabo14,found:root/go100-releases/f5a8dd193/report,release,snapshot_duplicate,contabo116:found:root/aads/go100-card310-b-9HO1fh/repo/report,2,18106,0
contabo14,found:root/go100-releases/f5a8dd193/reports,release,of_original,contabo14:found:root/kis-autotrade-v4/frontend/public/reports,1,5493,0
contabo14,found:root/go100-releases/f5a8dd193/reports,release,of_original,contabo14:kis-autotrade-v4/reports,13,88211,0
contabo14,found:root/go100-releases/fb23e84db/backend/docs,release,of_original,contabo14:found:root/kis-autotrade-v4/backend/docs,1,24110,0
contabo14,found:root/go100-releases/fb23e84db/backend/reports,release,of_original,contabo14:found:root/kis-autotrade-v4/backend/reports,3,36992,0
contabo14,found:root/go100-releases/fb23e84db/docs,release,of_original,cafe24_114:go100/docs,2,7883,0
contabo14,found:root/go100-releases/fb23e84db/docs,release,of_original,contabo14:found:root/kis-autotrade-v4/frontend/public/reports,11,144713,0
contabo14,found:root/go100-releases/fb23e84db/docs,release,of_original,contabo14:found:root/kis-autotrade-v4/report,1,10030,0
contabo14,found:root/go100-releases/fb23e84db/docs,release,of_original,contabo14:kis-autotrade-v4/docs,740,9495232,0
contabo14,found:root/go100-releases/fb23e84db/docs,release,snapshot_duplicate,contabo116:found:root/aads/go100-card310-b-9HO1fh/repo/docs,13,165988,0
contabo14,found:root/go100-releases/fb23e84db/docs,release,snapshot_duplicate,contabo14:found:opt/go100/card310-releases/ef1013d2d/docs,1,16483,0
contabo14,found:root/go100-releases/fb23e84db/docs,release,snapshot_duplicate,contabo14:found:opt/go100/learning-fixes/dateparam-20260911/docs,1,7055,0
contabo14,found:root/go100-releases/fb23e84db/report,release,of_original,cafe24_114:data-project-docs,1,13273,0
contabo14,found:root/go100-releases/fb23e84db/report,release,of_original,cafe24_114:found:root/go100/report,1,5120,0
contabo14,found:root/go100-releases/fb23e84db/report,release,of_original,cafe24_114:found:root/newtalk-v2-api-repo/project-docs-repo/go100/reports,5,50347,0
contabo14,found:root/go100-releases/fb23e84db/report,release,of_original,contabo14:found:root/kis-autotrade-v4/report,478,3241514,0
contabo14,found:root/go100-releases/fb23e84db/report,release,snapshot_duplicate,contabo116:found:root/aads/go100-card310-b-9HO1fh/repo/report,2,18106,0
contabo14,found:root/go100-releases/fb23e84db/reports,release,of_original,contabo14:found:root/kis-autotrade-v4/frontend/public/reports,1,5493,0
contabo14,found:root/go100-releases/fb23e84db/reports,release,of_original,contabo14:kis-autotrade-v4/reports,13,88211,0
contabo14,found:root/go100-wave-srccount-20261001/backend/docs,worktree,of_original,contabo14:found:root/kis-autotrade-v4/backend/docs,1,24110,0
contabo14,found:root/go100-wave-srccount-20261001/backend/reports,worktree,of_original,contabo14:found:root/kis-autotrade-v4/backend/reports,3,36992,0
contabo14,found:root/go100-wave-srccount-20261001/docs,worktree,of_original,contabo14:found:root/kis-autotrade-v4/frontend/public/reports,13,247694,0
contabo14,found:root/go100-wave-srccount-20261001/docs,worktree,of_original,contabo14:found:root/kis-autotrade-v4/report,1,10030,0
contabo14,found:root/go100-wave-srccount-20261001/docs,worktree,of_original,contabo14:kis-autotrade-v4/docs,875,12754664,0
contabo14,found:root/go100-wave-srccount-20261001/docs,worktree,snapshot_duplicate,contabo116:found:root/aads/go100-card310-b-9HO1fh/repo/docs,1,4736,0
contabo14,found:root/go100-wave-srccount-20261001/docs,worktree,snapshot_duplicate,contabo14:found:opt/go100/backend-releases/08a0d3694/docs,2,8362,0
contabo14,found:root/go100-wave-srccount-20261001/docs,worktree,snapshot_duplicate,contabo14:found:opt/go100/backend-releases/75c6b7326/docs,2,6156,0
contabo14,found:root/go100-wave-srccount-20261001/frontend/public/reports,worktree,of_original,contabo14:found:root/kis-autotrade-v4/backend/reports,2,18977,0
contabo14,found:root/go100-wave-srccount-20261001/frontend/public/reports,worktree,of_original,contabo14:found:root/kis-autotrade-v4/frontend/public/reports,73,2970368,0
contabo14,found:root/go100-wave-srccount-20261001/report,worktree,of_original,contabo14:found:root/kis-autotrade-v4/report,488,3329841,0
contabo14,found:root/go100-wave-srccount-20261001/reports,worktree,of_original,contabo14:found:root/kis-autotrade-v4/frontend/public/reports,1,5493,0
contabo14,found:root/go100-wave-srccount-20261001/reports,worktree,of_original,contabo14:kis-autotrade-v4/reports,18,164888,0
contabo14,found:root/go100-wave-srccount-20261001/server-116/newpigup3/reports,worktree,of_original,contabo14:found:root/kis-autotrade-v4/server-116/newpigup3/reports,4,22429,0
contabo14,found:root/go100-wave-zerohash-20261001/backend/docs,worktree,of_original,contabo14:found:root/kis-autotrade-v4/backend/docs,1,24110,0
contabo14,found:root/go100-wave-zerohash-20261001/backend/reports,worktree,of_original,contabo14:found:root/kis-autotrade-v4/backend/reports,3,36992,0
contabo14,found:root/go100-wave-zerohash-20261001/docs,worktree,of_original,contabo14:found:root/kis-autotrade-v4/frontend/public/reports,13,247694,0
contabo14,found:root/go100-wave-zerohash-20261001/docs,worktree,of_original,contabo14:found:root/kis-autotrade-v4/report,1,10030,0
contabo14,found:root/go100-wave-zerohash-20261001/docs,worktree,of_original,contabo14:kis-autotrade-v4/docs,874,12738153,0
contabo14,found:root/go100-wave-zerohash-20261001/docs,worktree,snapshot_duplicate,contabo116:found:root/aads/go100-card310-b-9HO1fh/repo/docs,1,4736,0
contabo14,found:root/go100-wave-zerohash-20261001/docs,worktree,snapshot_duplicate,contabo14:found:opt/go100/backend-releases/08a0d3694/docs,1,874,0
contabo14,found:root/go100-wave-zerohash-20261001/frontend/public/reports,worktree,of_original,contabo14:found:root/kis-autotrade-v4/backend/reports,2,18977,0
contabo14,found:root/go100-wave-zerohash-20261001/frontend/public/reports,worktree,of_original,contabo14:found:root/kis-autotrade-v4/frontend/public/reports,73,2970368,0
contabo14,found:root/go100-wave-zerohash-20261001/report,worktree,of_original,contabo14:found:root/kis-autotrade-v4/report,488,3329841,0
contabo14,found:root/go100-wave-zerohash-20261001/reports,worktree,of_original,contabo14:found:root/kis-autotrade-v4/frontend/public/reports,1,5493,0
contabo14,found:root/go100-wave-zerohash-20261001/reports,worktree,of_original,contabo14:kis-autotrade-v4/reports,18,164888,0
contabo14,found:root/go100-wave-zerohash-20261001/server-116/newpigup3/reports,worktree,of_original,contabo14:found:root/kis-autotrade-v4/server-116/newpigup3/reports,4,22429,0
contabo14,found:root/go100-wave-zerohash-base-20261001/backend/docs,worktree,of_original,contabo14:found:root/kis-autotrade-v4/backend/docs,1,24110,0
contabo14,found:root/go100-wave-zerohash-base-20261001/backend/reports,worktree,of_original,contabo14:found:root/kis-autotrade-v4/backend/reports,3,36992,0
contabo14,found:root/go100-wave-zerohash-base-20261001/docs,worktree,of_original,contabo14:found:root/kis-autotrade-v4/frontend/public/reports,13,247694,0
contabo14,found:root/go100-wave-zerohash-base-20261001/docs,worktree,of_original,contabo14:found:root/kis-autotrade-v4/report,1,10030,0
contabo14,found:root/go100-wave-zerohash-base-20261001/docs,worktree,of_original,contabo14:kis-autotrade-v4/docs,874,12738153,0
contabo14,found:root/go100-wave-zerohash-base-20261001/docs,worktree,snapshot_duplicate,contabo116:found:root/aads/go100-card310-b-9HO1fh/repo/docs,1,4736,0
contabo14,found:root/go100-wave-zerohash-base-20261001/docs,worktree,snapshot_duplicate,contabo14:found:root/go100-wave-zerohash-20261001/docs,1,1816,0
contabo14,found:root/go100-wave-zerohash-base-20261001/frontend/public/reports,worktree,of_original,contabo14:found:root/kis-autotrade-v4/backend/reports,2,18977,0
contabo14,found:root/go100-wave-zerohash-base-20261001/frontend/public/reports,worktree,of_original,contabo14:found:root/kis-autotrade-v4/frontend/public/reports,73,2970368,0
contabo14,found:root/go100-wave-zerohash-base-20261001/report,worktree,of_original,contabo14:found:root/kis-autotrade-v4/report,488,3329841,0
contabo14,found:root/go100-wave-zerohash-base-20261001/reports,worktree,of_original,contabo14:found:root/kis-autotrade-v4/frontend/public/reports,1,5493,0
contabo14,found:root/go100-wave-zerohash-base-20261001/reports,worktree,of_original,contabo14:kis-autotrade-v4/reports,18,164888,0
contabo14,found:root/go100-wave-zerohash-base-20261001/server-116/newpigup3/reports,worktree,of_original,contabo14:found:root/kis-autotrade-v4/server-116/newpigup3/reports,4,22429,0
contabo14,found:root/go100-wt-c310-mlgate40/backend/docs,worktree,of_original,contabo14:found:root/kis-autotrade-v4/backend/docs,1,24110,0
contabo14,found:root/go100-wt-c310-mlgate40/backend/reports,worktree,of_original,contabo14:found:root/kis-autotrade-v4/backend/reports,3,36992,0
contabo14,found:root/go100-wt-c310-mlgate40/docs,worktree,of_original,contabo14:found:root/kis-autotrade-v4/frontend/public/reports,13,247694,0
contabo14,found:root/go100-wt-c310-mlgate40/docs,worktree,of_original,contabo14:found:root/kis-autotrade-v4/report,1,10030,0
contabo14,found:root/go100-wt-c310-mlgate40/docs,worktree,of_original,contabo14:kis-autotrade-v4/docs,835,11612801,0
contabo14,found:root/go100-wt-c310-mlgate40/docs,worktree,snapshot_duplicate,contabo116:found:root/aads/go100-card310-b-9HO1fh/repo/docs,1,4736,0
contabo14,found:root/go100-wt-c310-mlgate40/docs,worktree,snapshot_duplicate,contabo14:found:opt/go100/worktrees/chat-2648cf77-docs/docs,2,13276,0
contabo14,found:root/go100-wt-c310-mlgate40/frontend/public/reports,worktree,of_original,contabo14:found:root/kis-autotrade-v4/backend/reports,2,18977,0
contabo14,found:root/go100-wt-c310-mlgate40/frontend/public/reports,worktree,of_original,contabo14:found:root/kis-autotrade-v4/frontend/public/reports,73,2970368,0
contabo14,found:root/go100-wt-c310-mlgate40/report,worktree,of_original,contabo14:found:root/kis-autotrade-v4/report,488,3329841,0
contabo14,found:root/go100-wt-c310-mlgate40/reports,worktree,of_original,contabo14:found:root/kis-autotrade-v4/frontend/public/reports,1,5493,0
contabo14,found:root/go100-wt-c310-mlgate40/reports,worktree,of_original,contabo14:kis-autotrade-v4/reports,17,158834,0
contabo14,found:root/go100-wt-c310-mlgate40/server-116/newpigup3/reports,worktree,of_original,contabo14:found:root/kis-autotrade-v4/server-116/newpigup3/reports,4,22429,0
contabo14,found:root/go100-wt-cadence-15782-20261001/backend/docs,worktree,of_original,contabo14:found:root/kis-autotrade-v4/backend/docs,1,24110,0
contabo14,found:root/go100-wt-cadence-15782-20261001/backend/reports,worktree,of_original,contabo14:found:root/kis-autotrade-v4/backend/reports,3,36992,0
contabo14,found:root/go100-wt-cadence-15782-20261001/docs,worktree,of_original,contabo14:found:root/kis-autotrade-v4/frontend/public/reports,13,247694,0
contabo14,found:root/go100-wt-cadence-15782-20261001/docs,worktree,of_original,contabo14:found:root/kis-autotrade-v4/report,1,10030,0
contabo14,found:root/go100-wt-cadence-15782-20261001/docs,worktree,of_original,contabo14:kis-autotrade-v4/docs,875,11611278,0
contabo14,found:root/go100-wt-cadence-15782-20261001/docs,worktree,snapshot_duplicate,contabo14:found:opt/go100/backend-releases/08a0d3694/docs,13,1247678,0
contabo14,found:root/go100-wt-cadence-15782-20261001/frontend/public/reports,worktree,of_original,contabo14:found:root/kis-autotrade-v4/backend/reports,2,18977,0
contabo14,found:root/go100-wt-cadence-15782-20261001/frontend/public/reports,worktree,of_original,contabo14:found:root/kis-autotrade-v4/frontend/public/reports,73,2970368,0
contabo14,found:root/go100-wt-cadence-15782-20261001/report,worktree,of_original,contabo14:found:root/kis-autotrade-v4/report,488,3329841,0
contabo14,found:root/go100-wt-cadence-15782-20261001/reports,worktree,of_original,contabo14:found:root/kis-autotrade-v4/frontend/public/reports,1,5493,0
contabo14,found:root/go100-wt-cadence-15782-20261001/reports,worktree,of_original,contabo14:kis-autotrade-v4/reports,18,164888,0
contabo14,found:root/go100-wt-cadence-15782-20261001/server-116/newpigup3/reports,worktree,of_original,contabo14:found:root/kis-autotrade-v4/server-116/newpigup3/reports,4,22429,0
contabo14,found:root/go100-wt-selord-p0-20261001/backend/docs,worktree,of_original,contabo14:found:root/kis-autotrade-v4/backend/docs,1,24110,0
contabo14,found:root/go100-wt-selord-p0-20261001/backend/reports,worktree,of_original,contabo14:found:root/kis-autotrade-v4/backend/reports,3,36992,0
contabo14,found:root/go100-wt-selord-p0-20261001/docs,worktree,of_original,contabo14:found:root/kis-autotrade-v4/frontend/public/reports,13,247694,0
contabo14,found:root/go100-wt-selord-p0-20261001/docs,worktree,of_original,contabo14:found:root/kis-autotrade-v4/report,1,10030,0
contabo14,found:root/go100-wt-selord-p0-20261001/docs,worktree,of_original,contabo14:kis-autotrade-v4/docs,876,12762598,0
contabo14,found:root/go100-wt-selord-p0-20261001/docs,worktree,snapshot_duplicate,contabo14:found:opt/go100/backend-releases/08a0d3694/docs,11,93198,0
contabo14,found:root/go100-wt-selord-p0-20261001/frontend/public/reports,worktree,of_original,contabo14:found:root/kis-autotrade-v4/backend/reports,2,18977,0
contabo14,found:root/go100-wt-selord-p0-20261001/frontend/public/reports,worktree,of_original,contabo14:found:root/kis-autotrade-v4/frontend/public/reports,73,2970368,0
contabo14,found:root/go100-wt-selord-p0-20261001/report,worktree,of_original,contabo14:found:root/kis-autotrade-v4/report,488,3329841,0
contabo14,found:root/go100-wt-selord-p0-20261001/reports,worktree,of_original,contabo14:found:root/kis-autotrade-v4/frontend/public/reports,1,5493,0
contabo14,found:root/go100-wt-selord-p0-20261001/reports,worktree,of_original,contabo14:kis-autotrade-v4/reports,18,164888,0
contabo14,found:root/go100-wt-selord-p0-20261001/server-116/newpigup3/reports,worktree,of_original,contabo14:found:root/kis-autotrade-v4/server-116/newpigup3/reports,4,22429,0
contabo14,found:root/kis-autotrade-v4-worktrees/backfill-fetch-before-release-20260922/backend/docs,release,of_original,contabo14:found:root/kis-autotrade-v4/backend/docs,1,24110,0
contabo14,found:root/kis-autotrade-v4-worktrees/backfill-fetch-before-release-20260922/backend/reports,release,of_original,contabo14:found:root/kis-autotrade-v4/backend/reports,3,36992,0
contabo14,found:root/kis-autotrade-v4-worktrees/backfill-fetch-before-release-20260922/docs,release,of_original,contabo14:found:root/kis-autotrade-v4/frontend/public/reports,13,247694,0
contabo14,found:root/kis-autotrade-v4-worktrees/backfill-fetch-before-release-20260922/docs,release,of_original,contabo14:found:root/kis-autotrade-v4/report,1,10030,0
contabo14,found:root/kis-autotrade-v4-worktrees/backfill-fetch-before-release-20260922/docs,release,of_original,contabo14:kis-autotrade-v4/docs,805,10166888,0
contabo14,found:root/kis-autotrade-v4-worktrees/backfill-fetch-before-release-20260922/docs,release,snapshot_duplicate,contabo116:found:root/aads/go100-card310-b-9HO1fh/repo/docs,2,6989,0
contabo14,found:root/kis-autotrade-v4-worktrees/backfill-fetch-before-release-20260922/docs,release,snapshot_duplicate,contabo14:found:opt/go100/worktrees/st5-ops-direct-20260922/docs,11,146422,0
contabo14,found:root/kis-autotrade-v4-worktrees/backfill-fetch-before-release-20260922/docs,release,snapshot_duplicate,contabo14:found:root/go100-rel-ds/docs,1,1140418,0
contabo14,found:root/kis-autotrade-v4-worktrees/backfill-fetch-before-release-20260922/report,release,of_original,contabo14:found:root/kis-autotrade-v4/report,488,3329841,0
contabo14,found:root/kis-autotrade-v4-worktrees/backfill-fetch-before-release-20260922/reports,release,of_original,contabo14:found:root/kis-autotrade-v4/frontend/public/reports,1,5493,0
contabo14,found:root/kis-autotrade-v4-worktrees/backfill-fetch-before-release-20260922/reports,release,of_original,contabo14:kis-autotrade-v4/reports,17,158834,0
contabo14,found:root/kis-autotrade-v4-worktrees/c119-orderbook-20260929/backend/docs,worktree,of_original,contabo14:found:root/kis-autotrade-v4/backend/docs,1,24110,0
contabo14,found:root/kis-autotrade-v4-worktrees/c119-orderbook-20260929/backend/reports,worktree,of_original,contabo14:found:root/kis-autotrade-v4/backend/reports,3,36992,0
contabo14,found:root/kis-autotrade-v4-worktrees/c119-orderbook-20260929/docs,worktree,of_original,contabo14:found:root/kis-autotrade-v4/frontend/public/reports,13,247694,0
contabo14,found:root/kis-autotrade-v4-worktrees/c119-orderbook-20260929/docs,worktree,of_original,contabo14:found:root/kis-autotrade-v4/report,1,10030,0
contabo14,found:root/kis-autotrade-v4-worktrees/c119-orderbook-20260929/docs,worktree,of_original,contabo14:kis-autotrade-v4/docs,839,11719618,0
contabo14,found:root/kis-autotrade-v4-worktrees/c119-orderbook-20260929/docs,worktree,snapshot_duplicate,contabo116:found:root/aads/go100-card310-b-9HO1fh/repo/docs,1,4736,0
contabo14,found:root/kis-autotrade-v4-worktrees/c119-orderbook-20260929/docs,worktree,snapshot_duplicate,contabo14:found:opt/go100/worktrees/chat-2648cf77-docs/docs,2,13276,0
contabo14,found:root/kis-autotrade-v4-worktrees/c119-orderbook-20260929/docs,worktree,snapshot_duplicate,contabo14:found:root/go100-release-1605/docs,1,115072,0
contabo14,found:root/kis-autotrade-v4-worktrees/c119-orderbook-20260929/report,worktree,of_original,contabo14:found:root/kis-autotrade-v4/report,488,3329841,0
contabo14,found:root/kis-autotrade-v4-worktrees/c119-orderbook-20260929/reports,worktree,of_original,contabo14:found:root/kis-autotrade-v4/frontend/public/reports,1,5493,0
contabo14,found:root/kis-autotrade-v4-worktrees/c119-orderbook-20260929/reports,worktree,of_original,contabo14:kis-autotrade-v4/reports,17,158834,0
contabo14,found:root/kis-autotrade-v4-worktrees/c310-consume-20260929/backend/docs,worktree,of_original,contabo14:found:root/kis-autotrade-v4/backend/docs,1,24110,0
contabo14,found:root/kis-autotrade-v4-worktrees/c310-consume-20260929/backend/reports,worktree,of_original,contabo14:found:root/kis-autotrade-v4/backend/reports,3,36992,0
contabo14,found:root/kis-autotrade-v4-worktrees/c310-consume-20260929/docs,worktree,of_original,contabo14:found:root/kis-autotrade-v4/frontend/public/reports,13,247694,0
contabo14,found:root/kis-autotrade-v4-worktrees/c310-consume-20260929/docs,worktree,of_original,contabo14:found:root/kis-autotrade-v4/report,1,10030,0
contabo14,found:root/kis-autotrade-v4-worktrees/c310-consume-20260929/docs,worktree,of_original,contabo14:kis-autotrade-v4/docs,837,11656224,0
contabo14,found:root/kis-autotrade-v4-worktrees/c310-consume-20260929/docs,worktree,snapshot_duplicate,contabo116:found:root/aads/go100-card310-b-9HO1fh/repo/docs,1,4736,0
contabo14,found:root/kis-autotrade-v4-worktrees/c310-consume-20260929/docs,worktree,snapshot_duplicate,contabo14:found:opt/go100/worktrees/chat-2648cf77-docs/docs,2,13276,0
contabo14,found:root/kis-autotrade-v4-worktrees/c310-consume-20260929/report,worktree,of_original,contabo14:found:root/kis-autotrade-v4/report,488,3329841,0
contabo14,found:root/kis-autotrade-v4-worktrees/c310-consume-20260929/reports,worktree,of_original,contabo14:found:root/kis-autotrade-v4/frontend/public/reports,1,5493,0
contabo14,found:root/kis-autotrade-v4-worktrees/c310-consume-20260929/reports,worktree,of_original,contabo14:kis-autotrade-v4/reports,17,158834,0
contabo14,found:root/kis-autotrade-v4-worktrees/c310-srcts-20260929/backend/docs,worktree,of_original,contabo14:found:root/kis-autotrade-v4/backend/docs,1,24110,0
contabo14,found:root/kis-autotrade-v4-worktrees/c310-srcts-20260929/backend/reports,worktree,of_original,contabo14:found:root/kis-autotrade-v4/backend/reports,3,36992,0
contabo14,found:root/kis-autotrade-v4-worktrees/c310-srcts-20260929/docs,worktree,of_original,contabo14:found:root/kis-autotrade-v4/frontend/public/reports,13,247694,0
contabo14,found:root/kis-autotrade-v4-worktrees/c310-srcts-20260929/docs,worktree,of_original,contabo14:found:root/kis-autotrade-v4/report,1,10030,0
contabo14,found:root/kis-autotrade-v4-worktrees/c310-srcts-20260929/docs,worktree,of_original,contabo14:kis-autotrade-v4/docs,835,11612801,0
contabo14,found:root/kis-autotrade-v4-worktrees/c310-srcts-20260929/docs,worktree,snapshot_duplicate,contabo116:found:root/aads/go100-card310-b-9HO1fh/repo/docs,1,4736,0
contabo14,found:root/kis-autotrade-v4-worktrees/c310-srcts-20260929/docs,worktree,snapshot_duplicate,contabo14:found:opt/go100/worktrees/chat-2648cf77-docs/docs,2,13276,0
contabo14,found:root/kis-autotrade-v4-worktrees/c310-srcts-20260929/report,worktree,of_original,contabo14:found:root/kis-autotrade-v4/report,488,3329841,0
contabo14,found:root/kis-autotrade-v4-worktrees/c310-srcts-20260929/reports,worktree,of_original,contabo14:found:root/kis-autotrade-v4/frontend/public/reports,1,5493,0
contabo14,found:root/kis-autotrade-v4-worktrees/c310-srcts-20260929/reports,worktree,of_original,contabo14:kis-autotrade-v4/reports,17,158834,0
contabo14,found:root/kis-autotrade-v4-worktrees/chart-rt-candles-20260909/backend/docs,worktree,of_original,contabo14:found:root/kis-autotrade-v4/backend/docs,1,24110,0
contabo14,found:root/kis-autotrade-v4-worktrees/chart-rt-candles-20260909/backend/reports,worktree,of_original,contabo14:found:root/kis-autotrade-v4/backend/reports,3,36992,0
contabo14,found:root/kis-autotrade-v4-worktrees/chart-rt-candles-20260909/docs,worktree,of_original,cafe24_114:go100/docs,2,7883,0
contabo14,found:root/kis-autotrade-v4-worktrees/chart-rt-candles-20260909/docs,worktree,of_original,contabo14:found:root/kis-autotrade-v4/frontend/public/reports,11,144713,0
contabo14,found:root/kis-autotrade-v4-worktrees/chart-rt-candles-20260909/docs,worktree,of_original,contabo14:found:root/kis-autotrade-v4/report,1,10030,0
contabo14,found:root/kis-autotrade-v4-worktrees/chart-rt-candles-20260909/docs,worktree,of_original,contabo14:kis-autotrade-v4/docs,732,9404785,0
contabo14,found:root/kis-autotrade-v4-worktrees/chart-rt-candles-20260909/docs,worktree,snapshot_duplicate,contabo116:found:root/aads/go100-card310-b-9HO1fh/repo/docs,11,146432,0
contabo14,found:root/kis-autotrade-v4-worktrees/chart-rt-candles-20260909/docs,worktree,snapshot_duplicate,contabo116:found:root/aads/go100-wave-direct-20260909/docs,2,18069,0
contabo14,found:root/kis-autotrade-v4-worktrees/chart-rt-candles-20260909/report,worktree,of_original,cafe24_114:data-project-docs,1,13273,0
contabo14,found:root/kis-autotrade-v4-worktrees/chart-rt-candles-20260909/report,worktree,of_original,cafe24_114:found:root/go100/report,1,5120,0
contabo14,found:root/kis-autotrade-v4-worktrees/chart-rt-candles-20260909/report,worktree,of_original,cafe24_114:found:root/newtalk-v2-api-repo/project-docs-repo/go100/reports,5,50347,0
contabo14,found:root/kis-autotrade-v4-worktrees/chart-rt-candles-20260909/report,worktree,of_original,contabo14:found:root/kis-autotrade-v4/report,478,3241514,0
contabo14,found:root/kis-autotrade-v4-worktrees/chart-rt-candles-20260909/report,worktree,snapshot_duplicate,contabo116:found:root/aads/go100-card310-b-9HO1fh/repo/report,2,18106,0
contabo14,found:root/kis-autotrade-v4-worktrees/chart-rt-candles-20260909/reports,worktree,of_original,contabo14:found:root/kis-autotrade-v4/frontend/public/reports,1,5493,0
contabo14,found:root/kis-autotrade-v4-worktrees/chart-rt-candles-20260909/reports,worktree,of_original,contabo14:kis-autotrade-v4/reports,12,85630,0
contabo14,found:root/kis-autotrade-v4-worktrees/chat-fallback-20260720/backend/docs,worktree,of_original,contabo14:found:root/kis-autotrade-v4/backend/docs,1,24110,0
contabo14,found:root/kis-autotrade-v4-worktrees/chat-fallback-20260720/docs,worktree,of_original,cafe24_114:go100/docs,3,8636,0
contabo14,found:root/kis-autotrade-v4-worktrees/chat-fallback-20260720/docs,worktree,of_original,contabo116:aads-docs,1,6208,0
contabo14,found:root/kis-autotrade-v4-worktrees/chat-fallback-20260720/docs,worktree,of_original,contabo14:found:root/kis-autotrade-v4/frontend/public/reports,11,144713,0
contabo14,found:root/kis-autotrade-v4-worktrees/chat-fallback-20260720/docs,worktree,of_original,contabo14:kis-autotrade-v4/docs,641,8245250,0
contabo14,found:root/kis-autotrade-v4-worktrees/chat-fallback-20260720/docs,worktree,snapshot_duplicate,contabo116:found:root/aads/go100-card310-b-9HO1fh/repo/docs,3,14725,0
contabo14,found:root/kis-autotrade-v4-worktrees/chat-fallback-20260720/report,worktree,of_original,cafe24_114:data-project-docs,1,13273,0
contabo14,found:root/kis-autotrade-v4-worktrees/chat-fallback-20260720/report,worktree,of_original,cafe24_114:found:root/go100/report,1,5120,0
contabo14,found:root/kis-autotrade-v4-worktrees/chat-fallback-20260720/report,worktree,of_original,cafe24_114:found:root/newtalk-v2-api-repo/project-docs-repo/go100/reports,5,50347,0
contabo14,found:root/kis-autotrade-v4-worktrees/chat-fallback-20260720/report,worktree,of_original,contabo14:found:root/kis-autotrade-v4/report,478,3241514,0
contabo14,found:root/kis-autotrade-v4-worktrees/chat-fallback-20260720/report,worktree,snapshot_duplicate,contabo116:found:root/aads/go100-card310-b-9HO1fh/repo/report,2,18106,0
contabo14,found:root/kis-autotrade-v4-worktrees/chat-fallback-20260720/reports,worktree,of_original,contabo14:kis-autotrade-v4/reports,4,33537,0
contabo14,found:root/kis-autotrade-v4-worktrees/go100-sync-docs-20260905/backend/docs,worktree,of_original,contabo14:found:root/kis-autotrade-v4/backend/docs,1,24110,0
contabo14,found:root/kis-autotrade-v4-worktrees/go100-sync-docs-20260905/backend/reports,worktree,of_original,contabo14:found:root/kis-autotrade-v4/backend/reports,3,36992,0
contabo14,found:root/kis-autotrade-v4-worktrees/go100-sync-docs-20260905/docs,worktree,of_original,cafe24_114:go100/docs,2,7883,0
contabo14,found:root/kis-autotrade-v4-worktrees/go100-sync-docs-20260905/docs,worktree,of_original,contabo14:found:root/kis-autotrade-v4/frontend/public/reports,11,144713,0
contabo14,found:root/kis-autotrade-v4-worktrees/go100-sync-docs-20260905/docs,worktree,of_original,contabo14:found:root/kis-autotrade-v4/report,1,10030,0
contabo14,found:root/kis-autotrade-v4-worktrees/go100-sync-docs-20260905/docs,worktree,of_original,contabo14:kis-autotrade-v4/docs,700,8930753,0
contabo14,found:root/kis-autotrade-v4-worktrees/go100-sync-docs-20260905/docs,worktree,snapshot_duplicate,contabo116:found:root/aads/go100-card310-b-9HO1fh/repo/docs,3,14725,0
contabo14,found:root/kis-autotrade-v4-worktrees/go100-sync-docs-20260905/docs,worktree,snapshot_duplicate,contabo116:found:root/aads/go100-wave-direct-20260909/docs,2,18069,0
contabo14,found:root/kis-autotrade-v4-worktrees/go100-sync-docs-20260905/docs,worktree,snapshot_duplicate,contabo14:found:opt/go100/card119-releases/da291646e/docs,1,10047,0
contabo14,found:root/kis-autotrade-v4-worktrees/go100-sync-docs-20260905/docs,worktree,snapshot_duplicate,contabo14:found:opt/go100/push-2bcc1947c.uj6ndC/docs,2,11149,0
contabo14,found:root/kis-autotrade-v4-worktrees/go100-sync-docs-20260905/report,worktree,of_original,cafe24_114:data-project-docs,1,13273,0
contabo14,found:root/kis-autotrade-v4-worktrees/go100-sync-docs-20260905/report,worktree,of_original,cafe24_114:found:root/go100/report,1,5120,0
contabo14,found:root/kis-autotrade-v4-worktrees/go100-sync-docs-20260905/report,worktree,of_original,cafe24_114:found:root/newtalk-v2-api-repo/project-docs-repo/go100/reports,5,50347,0
contabo14,found:root/kis-autotrade-v4-worktrees/go100-sync-docs-20260905/report,worktree,of_original,contabo14:found:root/kis-autotrade-v4/report,478,3241514,0
contabo14,found:root/kis-autotrade-v4-worktrees/go100-sync-docs-20260905/report,worktree,snapshot_duplicate,contabo116:found:root/aads/go100-card310-b-9HO1fh/repo/report,2,18106,0
contabo14,found:root/kis-autotrade-v4-worktrees/go100-sync-docs-20260905/reports,worktree,of_original,contabo14:kis-autotrade-v4/reports,8,60271,0
contabo14,found:root/kis-autotrade-v4-worktrees/r0-deploy-check-20260929/backend/docs,worktree,of_original,contabo14:found:root/kis-autotrade-v4/backend/docs,1,24110,0
contabo14,found:root/kis-autotrade-v4-worktrees/r0-deploy-check-20260929/backend/reports,worktree,of_original,contabo14:found:root/kis-autotrade-v4/backend/reports,3,36992,0
contabo14,found:root/kis-autotrade-v4-worktrees/r0-deploy-check-20260929/docs,worktree,of_original,contabo14:found:root/kis-autotrade-v4/frontend/public/reports,13,247694,0
contabo14,found:root/kis-autotrade-v4-worktrees/r0-deploy-check-20260929/docs,worktree,of_original,contabo14:found:root/kis-autotrade-v4/report,1,10030,0
contabo14,found:root/kis-autotrade-v4-worktrees/r0-deploy-check-20260929/docs,worktree,of_original,contabo14:kis-autotrade-v4/docs,835,11612801,0
contabo14,found:root/kis-autotrade-v4-worktrees/r0-deploy-check-20260929/docs,worktree,snapshot_duplicate,contabo116:found:root/aads/go100-card310-b-9HO1fh/repo/docs,1,4736,0
contabo14,found:root/kis-autotrade-v4-worktrees/r0-deploy-check-20260929/docs,worktree,snapshot_duplicate,contabo14:found:opt/go100/worktrees/chat-2648cf77-docs/docs,2,13276,0
contabo14,found:root/kis-autotrade-v4-worktrees/r0-deploy-check-20260929/report,worktree,of_original,contabo14:found:root/kis-autotrade-v4/report,488,3329841,0
contabo14,found:root/kis-autotrade-v4-worktrees/r0-deploy-check-20260929/reports,worktree,of_original,contabo14:found:root/kis-autotrade-v4/frontend/public/reports,1,5493,0
contabo14,found:root/kis-autotrade-v4-worktrees/r0-deploy-check-20260929/reports,worktree,of_original,contabo14:kis-autotrade-v4/reports,17,158834,0
contabo14,found:root/kis-autotrade-v4-worktrees/wave-core-supplement-20260909/backend/docs,worktree,of_original,contabo14:found:root/kis-autotrade-v4/backend/docs,1,24110,0
contabo14,found:root/kis-autotrade-v4-worktrees/wave-core-supplement-20260909/backend/reports,worktree,of_original,contabo14:found:root/kis-autotrade-v4/backend/reports,3,36992,0
contabo14,found:root/kis-autotrade-v4-worktrees/wave-core-supplement-20260909/docs,worktree,of_original,cafe24_114:go100/docs,2,7883,0
contabo14,found:root/kis-autotrade-v4-worktrees/wave-core-supplement-20260909/docs,worktree,of_original,contabo14:found:root/kis-autotrade-v4/frontend/public/reports,11,144713,0
contabo14,found:root/kis-autotrade-v4-worktrees/wave-core-supplement-20260909/docs,worktree,of_original,contabo14:found:root/kis-autotrade-v4/report,1,10030,0
contabo14,found:root/kis-autotrade-v4-worktrees/wave-core-supplement-20260909/docs,worktree,of_original,contabo14:kis-autotrade-v4/docs,719,9176447,0
contabo14,found:root/kis-autotrade-v4-worktrees/wave-core-supplement-20260909/docs,worktree,snapshot_duplicate,contabo116:found:root/aads/go100-card310-b-9HO1fh/repo/docs,8,49844,0
contabo14,found:root/kis-autotrade-v4-worktrees/wave-core-supplement-20260909/docs,worktree,snapshot_duplicate,contabo116:found:root/aads/go100-wave-direct-20260909/docs,5,108596,0
contabo14,found:root/kis-autotrade-v4-worktrees/wave-core-supplement-20260909/docs,worktree,snapshot_duplicate,contabo14:found:opt/go100/card119-releases/da291646e/docs,4,55507,0
contabo14,found:root/kis-autotrade-v4-worktrees/wave-core-supplement-20260909/report,worktree,of_original,cafe24_114:data-project-docs,1,13273,0
contabo14,found:root/kis-autotrade-v4-worktrees/wave-core-supplement-20260909/report,worktree,of_original,cafe24_114:found:root/go100/report,1,5120,0
contabo14,found:root/kis-autotrade-v4-worktrees/wave-core-supplement-20260909/report,worktree,of_original,cafe24_114:found:root/newtalk-v2-api-repo/project-docs-repo/go100/reports,5,50347,0
contabo14,found:root/kis-autotrade-v4-worktrees/wave-core-supplement-20260909/report,worktree,of_original,contabo14:found:root/kis-autotrade-v4/report,478,3241514,0
contabo14,found:root/kis-autotrade-v4-worktrees/wave-core-supplement-20260909/report,worktree,snapshot_duplicate,contabo116:found:root/aads/go100-card310-b-9HO1fh/repo/report,2,18106,0
contabo14,found:root/kis-autotrade-v4-worktrees/wave-core-supplement-20260909/reports,worktree,of_original,contabo14:found:root/kis-autotrade-v4/frontend/public/reports,1,5493,0
contabo14,found:root/kis-autotrade-v4-worktrees/wave-core-supplement-20260909/reports,worktree,of_original,contabo14:kis-autotrade-v4/reports,12,85630,0
contabo14,found:root/kis-autotrade-v4-worktrees/wave-core-v4-20260909/backend/docs,worktree,of_original,contabo14:found:root/kis-autotrade-v4/backend/docs,1,24110,0
contabo14,found:root/kis-autotrade-v4-worktrees/wave-core-v4-20260909/backend/reports,worktree,of_original,contabo14:found:root/kis-autotrade-v4/backend/reports,3,36992,0
contabo14,found:root/kis-autotrade-v4-worktrees/wave-core-v4-20260909/docs,worktree,of_original,cafe24_114:go100/docs,2,7883,0
contabo14,found:root/kis-autotrade-v4-worktrees/wave-core-v4-20260909/docs,worktree,of_original,contabo14:found:root/kis-autotrade-v4/frontend/public/reports,11,144713,0
contabo14,found:root/kis-autotrade-v4-worktrees/wave-core-v4-20260909/docs,worktree,of_original,contabo14:found:root/kis-autotrade-v4/report,1,10030,0
contabo14,found:root/kis-autotrade-v4-worktrees/wave-core-v4-20260909/docs,worktree,of_original,contabo14:kis-autotrade-v4/docs,719,9176447,0
contabo14,found:root/kis-autotrade-v4-worktrees/wave-core-v4-20260909/docs,worktree,snapshot_duplicate,contabo116:found:root/aads/go100-card310-b-9HO1fh/repo/docs,8,49844,0
contabo14,found:root/kis-autotrade-v4-worktrees/wave-core-v4-20260909/docs,worktree,snapshot_duplicate,contabo116:found:root/aads/go100-wave-direct-20260909/docs,5,108596,0
contabo14,found:root/kis-autotrade-v4-worktrees/wave-core-v4-20260909/docs,worktree,snapshot_duplicate,contabo14:found:opt/go100/card119-releases/da291646e/docs,4,55507,0
contabo14,found:root/kis-autotrade-v4-worktrees/wave-core-v4-20260909/docs,worktree,snapshot_duplicate,contabo14:found:root/kis-autotrade-v4-worktrees/wave-core-supplement-20260909/docs,1,896056,0
contabo14,found:root/kis-autotrade-v4-worktrees/wave-core-v4-20260909/report,worktree,of_original,cafe24_114:data-project-docs,1,13273,0
contabo14,found:root/kis-autotrade-v4-worktrees/wave-core-v4-20260909/report,worktree,of_original,cafe24_114:found:root/go100/report,1,5120,0
contabo14,found:root/kis-autotrade-v4-worktrees/wave-core-v4-20260909/report,worktree,of_original,cafe24_114:found:root/newtalk-v2-api-repo/project-docs-repo/go100/reports,5,50347,0
contabo14,found:root/kis-autotrade-v4-worktrees/wave-core-v4-20260909/report,worktree,of_original,contabo14:found:root/kis-autotrade-v4/report,478,3241514,0
contabo14,found:root/kis-autotrade-v4-worktrees/wave-core-v4-20260909/report,worktree,snapshot_duplicate,contabo116:found:root/aads/go100-card310-b-9HO1fh/repo/report,2,18106,0
contabo14,found:root/kis-autotrade-v4-worktrees/wave-core-v4-20260909/reports,worktree,of_original,contabo14:found:root/kis-autotrade-v4/frontend/public/reports,1,5493,0
contabo14,found:root/kis-autotrade-v4-worktrees/wave-core-v4-20260909/reports,worktree,of_original,contabo14:kis-autotrade-v4/reports,12,85630,0
contabo14,found:root/kis-autotrade-v4-worktrees/wave-core-v4-prd-20260909/backend/docs,worktree,of_original,contabo14:found:root/kis-autotrade-v4/backend/docs,1,24110,0
contabo14,found:root/kis-autotrade-v4-worktrees/wave-core-v4-prd-20260909/backend/reports,worktree,of_original,contabo14:found:root/kis-autotrade-v4/backend/reports,3,36992,0
contabo14,found:root/kis-autotrade-v4-worktrees/wave-core-v4-prd-20260909/docs,worktree,of_original,cafe24_114:go100/docs,2,7883,0
contabo14,found:root/kis-autotrade-v4-worktrees/wave-core-v4-prd-20260909/docs,worktree,of_original,contabo14:found:root/kis-autotrade-v4/frontend/public/reports,11,144713,0
contabo14,found:root/kis-autotrade-v4-worktrees/wave-core-v4-prd-20260909/docs,worktree,of_original,contabo14:found:root/kis-autotrade-v4/report,1,10030,0
contabo14,found:root/kis-autotrade-v4-worktrees/wave-core-v4-prd-20260909/docs,worktree,of_original,contabo14:kis-autotrade-v4/docs,719,9176447,0
contabo14,found:root/kis-autotrade-v4-worktrees/wave-core-v4-prd-20260909/docs,worktree,snapshot_duplicate,contabo116:found:root/aads/go100-card310-b-9HO1fh/repo/docs,8,49844,0
contabo14,found:root/kis-autotrade-v4-worktrees/wave-core-v4-prd-20260909/docs,worktree,snapshot_duplicate,contabo116:found:root/aads/go100-wave-direct-20260909/docs,5,108596,0
contabo14,found:root/kis-autotrade-v4-worktrees/wave-core-v4-prd-20260909/docs,worktree,snapshot_duplicate,contabo14:found:opt/go100/card119-releases/da291646e/docs,4,55507,0
contabo14,found:root/kis-autotrade-v4-worktrees/wave-core-v4-prd-20260909/docs,worktree,snapshot_duplicate,contabo14:found:root/kis-autotrade-v4-worktrees/wave-core-supplement-20260909/docs,1,896056,0
contabo14,found:root/kis-autotrade-v4-worktrees/wave-core-v4-prd-20260909/report,worktree,of_original,cafe24_114:data-project-docs,1,13273,0
contabo14,found:root/kis-autotrade-v4-worktrees/wave-core-v4-prd-20260909/report,worktree,of_original,cafe24_114:found:root/go100/report,1,5120,0
contabo14,found:root/kis-autotrade-v4-worktrees/wave-core-v4-prd-20260909/report,worktree,of_original,cafe24_114:found:root/newtalk-v2-api-repo/project-docs-repo/go100/reports,5,50347,0
contabo14,found:root/kis-autotrade-v4-worktrees/wave-core-v4-prd-20260909/report,worktree,of_original,contabo14:found:root/kis-autotrade-v4/report,478,3241514,0
contabo14,found:root/kis-autotrade-v4-worktrees/wave-core-v4-prd-20260909/report,worktree,snapshot_duplicate,contabo116:found:root/aads/go100-card310-b-9HO1fh/repo/report,2,18106,0
contabo14,found:root/kis-autotrade-v4-worktrees/wave-core-v4-prd-20260909/reports,worktree,of_original,contabo14:found:root/kis-autotrade-v4/frontend/public/reports,1,5493,0
contabo14,found:root/kis-autotrade-v4-worktrees/wave-core-v4-prd-20260909/reports,worktree,of_original,contabo14:kis-autotrade-v4/reports,12,85630,0
contabo14,found:root/kis-autotrade-v4-worktrees/wave-core-v4-r3-20260909/backend/docs,worktree,of_original,contabo14:found:root/kis-autotrade-v4/backend/docs,1,24110,0
contabo14,found:root/kis-autotrade-v4-worktrees/wave-core-v4-r3-20260909/backend/reports,worktree,of_original,contabo14:found:root/kis-autotrade-v4/backend/reports,3,36992,0
contabo14,found:root/kis-autotrade-v4-worktrees/wave-core-v4-r3-20260909/docs,worktree,of_original,cafe24_114:go100/docs,2,7883,0
contabo14,found:root/kis-autotrade-v4-worktrees/wave-core-v4-r3-20260909/docs,worktree,of_original,contabo14:found:root/kis-autotrade-v4/frontend/public/reports,11,144713,0
contabo14,found:root/kis-autotrade-v4-worktrees/wave-core-v4-r3-20260909/docs,worktree,of_original,contabo14:found:root/kis-autotrade-v4/report,1,10030,0
contabo14,found:root/kis-autotrade-v4-worktrees/wave-core-v4-r3-20260909/docs,worktree,of_original,contabo14:kis-autotrade-v4/docs,719,9176447,0
contabo14,found:root/kis-autotrade-v4-worktrees/wave-core-v4-r3-20260909/docs,worktree,snapshot_duplicate,contabo116:found:root/aads/go100-card310-b-9HO1fh/repo/docs,8,49844,0
contabo14,found:root/kis-autotrade-v4-worktrees/wave-core-v4-r3-20260909/docs,worktree,snapshot_duplicate,contabo116:found:root/aads/go100-wave-direct-20260909/docs,5,108596,0
contabo14,found:root/kis-autotrade-v4-worktrees/wave-core-v4-r3-20260909/docs,worktree,snapshot_duplicate,contabo14:found:opt/go100/card119-releases/da291646e/docs,4,55507,0
contabo14,found:root/kis-autotrade-v4-worktrees/wave-core-v4-r3-20260909/docs,worktree,snapshot_duplicate,contabo14:found:root/kis-autotrade-v4-worktrees/wave-core-supplement-20260909/docs,1,896056,0
contabo14,found:root/kis-autotrade-v4-worktrees/wave-core-v4-r3-20260909/report,worktree,of_original,cafe24_114:data-project-docs,1,13273,0
contabo14,found:root/kis-autotrade-v4-worktrees/wave-core-v4-r3-20260909/report,worktree,of_original,cafe24_114:found:root/go100/report,1,5120,0
contabo14,found:root/kis-autotrade-v4-worktrees/wave-core-v4-r3-20260909/report,worktree,of_original,cafe24_114:found:root/newtalk-v2-api-repo/project-docs-repo/go100/reports,5,50347,0
contabo14,found:root/kis-autotrade-v4-worktrees/wave-core-v4-r3-20260909/report,worktree,of_original,contabo14:found:root/kis-autotrade-v4/report,478,3241514,0
contabo14,found:root/kis-autotrade-v4-worktrees/wave-core-v4-r3-20260909/report,worktree,snapshot_duplicate,contabo116:found:root/aads/go100-card310-b-9HO1fh/repo/report,2,18106,0
contabo14,found:root/kis-autotrade-v4-worktrees/wave-core-v4-r3-20260909/reports,worktree,of_original,contabo14:found:root/kis-autotrade-v4/frontend/public/reports,1,5493,0
contabo14,found:root/kis-autotrade-v4-worktrees/wave-core-v4-r3-20260909/reports,worktree,of_original,contabo14:kis-autotrade-v4/reports,12,85630,0
contabo14,found:root/kis-autotrade-v4-worktrees/wave-core-v4-recovery/backend/docs,worktree,of_original,contabo14:found:root/kis-autotrade-v4/backend/docs,1,24110,0
contabo14,found:root/kis-autotrade-v4-worktrees/wave-core-v4-recovery/backend/reports,worktree,of_original,contabo14:found:root/kis-autotrade-v4/backend/reports,3,36992,0
contabo14,found:root/kis-autotrade-v4-worktrees/wave-core-v4-recovery/docs,worktree,of_original,cafe24_114:go100/docs,2,7883,0
contabo14,found:root/kis-autotrade-v4-worktrees/wave-core-v4-recovery/docs,worktree,of_original,contabo14:found:root/kis-autotrade-v4/frontend/public/reports,11,144713,0
contabo14,found:root/kis-autotrade-v4-worktrees/wave-core-v4-recovery/docs,worktree,of_original,contabo14:found:root/kis-autotrade-v4/report,1,10030,0
contabo14,found:root/kis-autotrade-v4-worktrees/wave-core-v4-recovery/docs,worktree,of_original,contabo14:kis-autotrade-v4/docs,718,9170727,0
contabo14,found:root/kis-autotrade-v4-worktrees/wave-core-v4-recovery/docs,worktree,snapshot_duplicate,contabo116:found:root/aads/go100-card310-b-9HO1fh/repo/docs,8,49844,0
contabo14,found:root/kis-autotrade-v4-worktrees/wave-core-v4-recovery/docs,worktree,snapshot_duplicate,contabo116:found:root/aads/go100-wave-direct-20260909/docs,5,108596,0
contabo14,found:root/kis-autotrade-v4-worktrees/wave-core-v4-recovery/docs,worktree,snapshot_duplicate,contabo14:found:opt/go100/card119-releases/da291646e/docs,4,55507,0
contabo14,found:root/kis-autotrade-v4-worktrees/wave-core-v4-recovery/docs,worktree,snapshot_duplicate,contabo14:found:root/kis-autotrade-v4-worktrees/wave-core-supplement-20260909/docs,1,896056,0
contabo14,found:root/kis-autotrade-v4-worktrees/wave-core-v4-recovery/report,worktree,of_original,cafe24_114:data-project-docs,1,13273,0
contabo14,found:root/kis-autotrade-v4-worktrees/wave-core-v4-recovery/report,worktree,of_original,cafe24_114:found:root/go100/report,1,5120,0
contabo14,found:root/kis-autotrade-v4-worktrees/wave-core-v4-recovery/report,worktree,of_original,cafe24_114:found:root/newtalk-v2-api-repo/project-docs-repo/go100/reports,5,50347,0
contabo14,found:root/kis-autotrade-v4-worktrees/wave-core-v4-recovery/report,worktree,of_original,contabo14:found:root/kis-autotrade-v4/report,478,3241514,0
contabo14,found:root/kis-autotrade-v4-worktrees/wave-core-v4-recovery/report,worktree,snapshot_duplicate,contabo116:found:root/aads/go100-card310-b-9HO1fh/repo/report,2,18106,0
contabo14,found:root/kis-autotrade-v4-worktrees/wave-core-v4-recovery/reports,worktree,of_original,contabo14:found:root/kis-autotrade-v4/frontend/public/reports,1,5493,0
contabo14,found:root/kis-autotrade-v4-worktrees/wave-core-v4-recovery/reports,worktree,of_original,contabo14:kis-autotrade-v4/reports,12,85630,0
contabo14,found:root/kis-autotrade-v4-worktrees/wave-integrity-15782-20260928/docs,worktree,of_original,contabo14:found:root/kis-autotrade-v4/frontend/public/reports,12,195400,0
contabo14,found:root/kis-autotrade-v4-worktrees/wave-integrity-15782-20260928/docs,worktree,of_original,contabo14:found:root/kis-autotrade-v4/report,1,10030,0
contabo14,found:root/kis-autotrade-v4-worktrees/wave-integrity-15782-20260928/docs,worktree,of_original,contabo14:kis-autotrade-v4/docs,139,1900601,0
contabo14,found:root/kis-autotrade-v4-worktrees/wave-integrity-15782-20260928/docs,worktree,snapshot_duplicate,contabo116:found:root/aads/go100-card310-b-9HO1fh/repo/docs,1,4736,0
contabo14,found:root/kis-autotrade-v4-worktrees/wave-integrity-15782-20260928/docs,worktree,snapshot_duplicate,contabo14:found:opt/go100/worktrees/chat-2648cf77-docs/docs,1,10360,0
contabo14,found:root/kis-autotrade-v4-worktrees/wave-intraday-primary-20260909/backend/docs,worktree,of_original,contabo14:found:root/kis-autotrade-v4/backend/docs,1,24110,0
contabo14,found:root/kis-autotrade-v4-worktrees/wave-intraday-primary-20260909/backend/reports,worktree,of_original,contabo14:found:root/kis-autotrade-v4/backend/reports,3,36992,0
contabo14,found:root/kis-autotrade-v4-worktrees/wave-intraday-primary-20260909/docs,worktree,of_original,cafe24_114:go100/docs,2,7883,0
contabo14,found:root/kis-autotrade-v4-worktrees/wave-intraday-primary-20260909/docs,worktree,of_original,contabo14:found:root/kis-autotrade-v4/frontend/public/reports,11,144713,0
contabo14,found:root/kis-autotrade-v4-worktrees/wave-intraday-primary-20260909/docs,worktree,of_original,contabo14:found:root/kis-autotrade-v4/report,1,10030,0
contabo14,found:root/kis-autotrade-v4-worktrees/wave-intraday-primary-20260909/docs,worktree,of_original,contabo14:kis-autotrade-v4/docs,719,9176447,0
contabo14,found:root/kis-autotrade-v4-worktrees/wave-intraday-primary-20260909/docs,worktree,snapshot_duplicate,contabo116:found:root/aads/go100-card310-b-9HO1fh/repo/docs,8,49844,0
contabo14,found:root/kis-autotrade-v4-worktrees/wave-intraday-primary-20260909/docs,worktree,snapshot_duplicate,contabo116:found:root/aads/go100-wave-direct-20260909/docs,5,108596,0
contabo14,found:root/kis-autotrade-v4-worktrees/wave-intraday-primary-20260909/docs,worktree,snapshot_duplicate,contabo14:found:opt/go100/card119-releases/da291646e/docs,4,55507,0
contabo14,found:root/kis-autotrade-v4-worktrees/wave-intraday-primary-20260909/docs,worktree,snapshot_duplicate,contabo14:found:root/kis-autotrade-v4-worktrees/wave-core-supplement-20260909/docs,1,896056,0
contabo14,found:root/kis-autotrade-v4-worktrees/wave-intraday-primary-20260909/report,worktree,of_original,cafe24_114:data-project-docs,1,13273,0
contabo14,found:root/kis-autotrade-v4-worktrees/wave-intraday-primary-20260909/report,worktree,of_original,cafe24_114:found:root/go100/report,1,5120,0
contabo14,found:root/kis-autotrade-v4-worktrees/wave-intraday-primary-20260909/report,worktree,of_original,cafe24_114:found:root/newtalk-v2-api-repo/project-docs-repo/go100/reports,5,50347,0
contabo14,found:root/kis-autotrade-v4-worktrees/wave-intraday-primary-20260909/report,worktree,of_original,contabo14:found:root/kis-autotrade-v4/report,478,3241514,0
contabo14,found:root/kis-autotrade-v4-worktrees/wave-intraday-primary-20260909/report,worktree,snapshot_duplicate,contabo116:found:root/aads/go100-card310-b-9HO1fh/repo/report,2,18106,0
contabo14,found:root/kis-autotrade-v4-worktrees/wave-intraday-primary-20260909/reports,worktree,of_original,contabo14:found:root/kis-autotrade-v4/frontend/public/reports,1,5493,0
contabo14,found:root/kis-autotrade-v4-worktrees/wave-intraday-primary-20260909/reports,worktree,of_original,contabo14:kis-autotrade-v4/reports,12,85630,0
contabo14,found:root/kis-autotrade-v4-worktrees/we12-fix-20260929/backend/docs,worktree,of_original,contabo14:found:root/kis-autotrade-v4/backend/docs,1,24110,0
contabo14,found:root/kis-autotrade-v4-worktrees/we12-fix-20260929/backend/reports,worktree,of_original,contabo14:found:root/kis-autotrade-v4/backend/reports,3,36992,0
contabo14,found:root/kis-autotrade-v4-worktrees/we12-fix-20260929/docs,worktree,of_original,contabo14:found:root/kis-autotrade-v4/frontend/public/reports,13,247694,0
contabo14,found:root/kis-autotrade-v4-worktrees/we12-fix-20260929/docs,worktree,of_original,contabo14:found:root/kis-autotrade-v4/report,1,10030,0
contabo14,found:root/kis-autotrade-v4-worktrees/we12-fix-20260929/docs,worktree,of_original,contabo14:kis-autotrade-v4/docs,835,11612801,0
contabo14,found:root/kis-autotrade-v4-worktrees/we12-fix-20260929/docs,worktree,snapshot_duplicate,contabo116:found:root/aads/go100-card310-b-9HO1fh/repo/docs,1,4736,0
contabo14,found:root/kis-autotrade-v4-worktrees/we12-fix-20260929/docs,worktree,snapshot_duplicate,contabo14:found:opt/go100/worktrees/chat-2648cf77-docs/docs,2,13276,0
contabo14,found:root/kis-autotrade-v4-worktrees/we12-fix-20260929/report,worktree,of_original,contabo14:found:root/kis-autotrade-v4/report,488,3329841,0
contabo14,found:root/kis-autotrade-v4-worktrees/we12-fix-20260929/reports,worktree,of_original,contabo14:found:root/kis-autotrade-v4/frontend/public/reports,1,5493,0
contabo14,found:root/kis-autotrade-v4-worktrees/we12-fix-20260929/reports,worktree,of_original,contabo14:kis-autotrade-v4/reports,17,158834,0
contabo14,found:root/kis-autotrade-v4-worktrees/we13-direct-15782-20260929/backend/docs,worktree,of_original,contabo14:found:root/kis-autotrade-v4/backend/docs,1,24110,0
contabo14,found:root/kis-autotrade-v4-worktrees/we13-direct-15782-20260929/backend/reports,worktree,of_original,contabo14:found:root/kis-autotrade-v4/backend/reports,3,36992,0
contabo14,found:root/kis-autotrade-v4-worktrees/we13-direct-15782-20260929/docs,worktree,of_original,contabo14:found:root/kis-autotrade-v4/frontend/public/reports,13,247694,0
contabo14,found:root/kis-autotrade-v4-worktrees/we13-direct-15782-20260929/docs,worktree,of_original,contabo14:found:root/kis-autotrade-v4/report,1,10030,0
contabo14,found:root/kis-autotrade-v4-worktrees/we13-direct-15782-20260929/docs,worktree,of_original,contabo14:kis-autotrade-v4/docs,834,10461481,0
contabo14,found:root/kis-autotrade-v4-worktrees/we13-direct-15782-20260929/docs,worktree,snapshot_duplicate,contabo116:found:root/aads/go100-card310-b-9HO1fh/repo/docs,1,4736,0
contabo14,found:root/kis-autotrade-v4-worktrees/we13-direct-15782-20260929/docs,worktree,snapshot_duplicate,contabo14:found:opt/go100/worktrees/chat-2648cf77-docs/docs,2,13276,0
contabo14,found:root/kis-autotrade-v4-worktrees/we13-direct-15782-20260929/report,worktree,of_original,contabo14:found:root/kis-autotrade-v4/report,488,3329841,0
contabo14,found:root/kis-autotrade-v4-worktrees/we13-direct-15782-20260929/reports,worktree,of_original,contabo14:found:root/kis-autotrade-v4/frontend/public/reports,1,5493,0
contabo14,found:root/kis-autotrade-v4-worktrees/we13-direct-15782-20260929/reports,worktree,of_original,contabo14:kis-autotrade-v4/reports,17,158834,0
contabo14,found:root/kis-autotrade-v4-worktrees/we13-review-15782-20260929/backend/docs,worktree,of_original,contabo14:found:root/kis-autotrade-v4/backend/docs,1,24110,0
contabo14,found:root/kis-autotrade-v4-worktrees/we13-review-15782-20260929/backend/reports,worktree,of_original,contabo14:found:root/kis-autotrade-v4/backend/reports,3,36992,0
contabo14,found:root/kis-autotrade-v4-worktrees/we13-review-15782-20260929/docs,worktree,of_original,contabo14:found:root/kis-autotrade-v4/frontend/public/reports,13,247694,0
contabo14,found:root/kis-autotrade-v4-worktrees/we13-review-15782-20260929/docs,worktree,of_original,contabo14:found:root/kis-autotrade-v4/report,1,10030,0
contabo14,found:root/kis-autotrade-v4-worktrees/we13-review-15782-20260929/docs,worktree,of_original,contabo14:kis-autotrade-v4/docs,834,10461481,0
contabo14,found:root/kis-autotrade-v4-worktrees/we13-review-15782-20260929/docs,worktree,snapshot_duplicate,contabo116:found:root/aads/go100-card310-b-9HO1fh/repo/docs,1,4736,0
contabo14,found:root/kis-autotrade-v4-worktrees/we13-review-15782-20260929/docs,worktree,snapshot_duplicate,contabo14:found:opt/go100/worktrees/chat-2648cf77-docs/docs,2,13276,0
contabo14,found:root/kis-autotrade-v4-worktrees/we13-review-15782-20260929/docs,worktree,snapshot_duplicate,contabo14:found:root/kis-autotrade-v4-worktrees/we13-direct-15782-20260929/docs,2,1169655,0
contabo14,found:root/kis-autotrade-v4-worktrees/we13-review-15782-20260929/report,worktree,of_original,contabo14:found:root/kis-autotrade-v4/report,488,3329841,0
contabo14,found:root/kis-autotrade-v4-worktrees/we13-review-15782-20260929/reports,worktree,of_original,contabo14:found:root/kis-autotrade-v4/frontend/public/reports,1,5493,0
contabo14,found:root/kis-autotrade-v4-worktrees/we13-review-15782-20260929/reports,worktree,of_original,contabo14:kis-autotrade-v4/reports,17,158834,0
contabo14,found:root/kis-autotrade-v4-worktrees/wp04a-fix-20260929/backend/docs,worktree,of_original,contabo14:found:root/kis-autotrade-v4/backend/docs,1,24110,0
contabo14,found:root/kis-autotrade-v4-worktrees/wp04a-fix-20260929/backend/reports,worktree,of_original,contabo14:found:root/kis-autotrade-v4/backend/reports,3,36992,0
contabo14,found:root/kis-autotrade-v4-worktrees/wp04a-fix-20260929/docs,worktree,of_original,contabo14:found:root/kis-autotrade-v4/frontend/public/reports,13,247694,0
contabo14,found:root/kis-autotrade-v4-worktrees/wp04a-fix-20260929/docs,worktree,of_original,contabo14:found:root/kis-autotrade-v4/report,1,10030,0
contabo14,found:root/kis-autotrade-v4-worktrees/wp04a-fix-20260929/docs,worktree,of_original,contabo14:kis-autotrade-v4/docs,835,11612801,0
contabo14,found:root/kis-autotrade-v4-worktrees/wp04a-fix-20260929/docs,worktree,snapshot_duplicate,contabo116:found:root/aads/go100-card310-b-9HO1fh/repo/docs,1,4736,0
contabo14,found:root/kis-autotrade-v4-worktrees/wp04a-fix-20260929/docs,worktree,snapshot_duplicate,contabo14:found:opt/go100/worktrees/chat-2648cf77-docs/docs,2,13276,0
contabo14,found:root/kis-autotrade-v4-worktrees/wp04a-fix-20260929/report,worktree,of_original,contabo14:found:root/kis-autotrade-v4/report,488,3329841,0
contabo14,found:root/kis-autotrade-v4-worktrees/wp04a-fix-20260929/reports,worktree,of_original,contabo14:found:root/kis-autotrade-v4/frontend/public/reports,1,5493,0
contabo14,found:root/kis-autotrade-v4-worktrees/wp04a-fix-20260929/reports,worktree,of_original,contabo14:kis-autotrade-v4/reports,17,158834,0
contabo14,found:root/kis-autotrade-v4-wt-310/backend/docs,worktree,of_original,contabo14:found:root/kis-autotrade-v4/backend/docs,1,24110,0
contabo14,found:root/kis-autotrade-v4-wt-310/backend/reports,worktree,of_original,contabo14:found:root/kis-autotrade-v4/backend/reports,3,36992,0
contabo14,found:root/kis-autotrade-v4-wt-310/docs,worktree,of_original,cafe24_114:go100/docs,2,7883,0
contabo14,found:root/kis-autotrade-v4-wt-310/docs,worktree,of_original,contabo14:found:root/kis-autotrade-v4/frontend/public/reports,11,144713,0
contabo14,found:root/kis-autotrade-v4-wt-310/docs,worktree,of_original,contabo14:found:root/kis-autotrade-v4/report,1,10030,0
contabo14,found:root/kis-autotrade-v4-wt-310/docs,worktree,of_original,contabo14:kis-autotrade-v4/docs,705,8960068,0
contabo14,found:root/kis-autotrade-v4-wt-310/docs,worktree,snapshot_duplicate,contabo116:found:root/aads/go100-card310-b-9HO1fh/repo/docs,4,23947,0
contabo14,found:root/kis-autotrade-v4-wt-310/docs,worktree,snapshot_duplicate,contabo116:found:root/aads/go100-wave-direct-20260909/docs,2,18069,0
contabo14,found:root/kis-autotrade-v4-wt-310/docs,worktree,snapshot_duplicate,contabo14:found:opt/go100/card119-releases/da291646e/docs,1,10047,0
contabo14,found:root/kis-autotrade-v4-wt-310/frontend/public/reports,worktree,of_original,contabo14:found:root/kis-autotrade-v4/backend/reports,2,18977,0
contabo14,found:root/kis-autotrade-v4-wt-310/frontend/public/reports,worktree,of_original,contabo14:found:root/kis-autotrade-v4/frontend/public/reports,69,2850016,0
contabo14,found:root/kis-autotrade-v4-wt-310/report,worktree,of_original,cafe24_114:data-project-docs,1,13273,0
contabo14,found:root/kis-autotrade-v4-wt-310/report,worktree,of_original,cafe24_114:found:root/go100/report,1,5120,0
contabo14,found:root/kis-autotrade-v4-wt-310/report,worktree,of_original,cafe24_114:found:root/newtalk-v2-api-repo/project-docs-repo/go100/reports,5,50347,0
contabo14,found:root/kis-autotrade-v4-wt-310/report,worktree,of_original,contabo14:found:root/kis-autotrade-v4/report,478,3241514,0
contabo14,found:root/kis-autotrade-v4-wt-310/report,worktree,snapshot_duplicate,contabo116:found:root/aads/go100-card310-b-9HO1fh/repo/report,2,18106,0
contabo14,found:root/kis-autotrade-v4-wt-310/reports,worktree,of_original,contabo14:kis-autotrade-v4/reports,8,60271,0
contabo14,found:root/kis-autotrade-v4-wt-310/server-116/newpigup3/reports,worktree,of_original,contabo14:found:root/kis-autotrade-v4/server-116/newpigup3/reports,4,22429,0
contabo14,found:root/kis-autotrade-v4/tmp/chart-rt-ws-impl/docs,worktree,of_original,cafe24_114:go100/docs,2,7883,0
contabo14,found:root/kis-autotrade-v4/tmp/chart-rt-ws-impl/docs,worktree,of_original,contabo14:found:root/kis-autotrade-v4/frontend/public/reports,11,144713,0
contabo14,found:root/kis-autotrade-v4/tmp/chart-rt-ws-impl/docs,worktree,of_original,contabo14:found:root/kis-autotrade-v4/report,1,10030,0
contabo14,found:root/kis-autotrade-v4/tmp/chart-rt-ws-impl/docs,worktree,of_original,contabo14:kis-autotrade-v4/docs,732,9404785,0
contabo14,found:root/kis-autotrade-v4/tmp/chart-rt-ws-impl/docs,worktree,snapshot_duplicate,contabo116:found:root/aads/go100-card310-b-9HO1fh/repo/docs,12,153452,0
contabo14,found:root/kis-autotrade-v4/tmp/chart-rt-ws-impl/docs,worktree,snapshot_duplicate,contabo116:found:root/aads/go100-wave-direct-20260909/docs,2,18069,0
contabo14,found:root/kis-autotrade-v4/tmp/chart-rt-ws-impl/docs,worktree,snapshot_duplicate,contabo14:found:root/kis-autotrade-v4-worktrees/chart-rt-candles-20260909/docs,2,909326,0
contabo14,found:root/kis-autotrade-v4/tmp/chart-rt-ws-impl/report,worktree,of_original,cafe24_114:data-project-docs,1,13273,0
contabo14,found:root/kis-autotrade-v4/tmp/chart-rt-ws-impl/report,worktree,of_original,cafe24_114:found:root/go100/report,1,5120,0
contabo14,found:root/kis-autotrade-v4/tmp/chart-rt-ws-impl/report,worktree,of_original,cafe24_114:found:root/newtalk-v2-api-repo/project-docs-repo/go100/reports,5,50347,0
contabo14,found:root/kis-autotrade-v4/tmp/chart-rt-ws-impl/report,worktree,of_original,contabo14:found:root/kis-autotrade-v4/report,478,3241514,0
contabo14,found:root/kis-autotrade-v4/tmp/chart-rt-ws-impl/report,worktree,snapshot_duplicate,contabo116:found:root/aads/go100-card310-b-9HO1fh/repo/report,2,18106,0
contabo14,found:root/kis-autotrade-v4/tmp/chart-rt-ws-impl/reports,worktree,of_original,contabo14:found:root/kis-autotrade-v4/frontend/public/reports,1,5493,0
contabo14,found:root/kis-autotrade-v4/tmp/chart-rt-ws-impl/reports,worktree,of_original,contabo14:kis-autotrade-v4/reports,12,85630,0
contabo14,found:root/kis-autotrade-v4/tmp/go100-ws-preservation-c5a54709/docs,worktree,of_original,cafe24_114:go100/docs,2,7883,0
contabo14,found:root/kis-autotrade-v4/tmp/go100-ws-preservation-c5a54709/docs,worktree,of_original,contabo14:found:root/kis-autotrade-v4/frontend/public/reports,11,144713,0
contabo14,found:root/kis-autotrade-v4/tmp/go100-ws-preservation-c5a54709/docs,worktree,of_original,contabo14:found:root/kis-autotrade-v4/report,1,10030,0
contabo14,found:root/kis-autotrade-v4/tmp/go100-ws-preservation-c5a54709/docs,worktree,of_original,contabo14:kis-autotrade-v4/docs,732,9404785,0
contabo14,found:root/kis-autotrade-v4/tmp/go100-ws-preservation-c5a54709/docs,worktree,snapshot_duplicate,contabo116:found:root/aads/go100-card310-b-9HO1fh/repo/docs,12,153452,0
contabo14,found:root/kis-autotrade-v4/tmp/go100-ws-preservation-c5a54709/docs,worktree,snapshot_duplicate,contabo116:found:root/aads/go100-wave-direct-20260909/docs,2,18069,0
contabo14,found:root/kis-autotrade-v4/tmp/go100-ws-preservation-c5a54709/docs,worktree,snapshot_duplicate,contabo14:found:root/kis-autotrade-v4-worktrees/chart-rt-candles-20260909/docs,2,909326,0
contabo14,found:root/kis-autotrade-v4/tmp/go100-ws-preservation-c5a54709/report,worktree,of_original,cafe24_114:data-project-docs,1,13273,0
contabo14,found:root/kis-autotrade-v4/tmp/go100-ws-preservation-c5a54709/report,worktree,of_original,cafe24_114:found:root/go100/report,1,5120,0
contabo14,found:root/kis-autotrade-v4/tmp/go100-ws-preservation-c5a54709/report,worktree,of_original,cafe24_114:found:root/newtalk-v2-api-repo/project-docs-repo/go100/reports,5,50347,0
contabo14,found:root/kis-autotrade-v4/tmp/go100-ws-preservation-c5a54709/report,worktree,of_original,contabo14:found:root/kis-autotrade-v4/report,478,3241514,0
contabo14,found:root/kis-autotrade-v4/tmp/go100-ws-preservation-c5a54709/report,worktree,snapshot_duplicate,contabo116:found:root/aads/go100-card310-b-9HO1fh/repo/report,2,18106,0
contabo14,found:root/kis-autotrade-v4/tmp/go100-ws-preservation-c5a54709/reports,worktree,of_original,contabo14:found:root/kis-autotrade-v4/frontend/public/reports,1,5493,0
contabo14,found:root/kis-autotrade-v4/tmp/go100-ws-preservation-c5a54709/reports,worktree,of_original,contabo14:kis-autotrade-v4/reports,12,85630,0
contabo14,found:root/kis-autotrade-v4/tmp/wave-direct-15782f6e/docs,worktree,of_original,cafe24_114:go100/docs,2,7883,0
contabo14,found:root/kis-autotrade-v4/tmp/wave-direct-15782f6e/docs,worktree,of_original,contabo14:found:root/kis-autotrade-v4/frontend/public/reports,11,144713,0
contabo14,found:root/kis-autotrade-v4/tmp/wave-direct-15782f6e/docs,worktree,of_original,contabo14:found:root/kis-autotrade-v4/report,1,10030,0
contabo14,found:root/kis-autotrade-v4/tmp/wave-direct-15782f6e/docs,worktree,of_original,contabo14:kis-autotrade-v4/docs,716,9154729,0
contabo14,found:root/kis-autotrade-v4/tmp/wave-direct-15782f6e/docs,worktree,snapshot_duplicate,contabo116:found:root/aads/go100-card310-b-9HO1fh/repo/docs,8,49844,0
contabo14,found:root/kis-autotrade-v4/tmp/wave-direct-15782f6e/docs,worktree,snapshot_duplicate,contabo116:found:root/aads/go100-wave-direct-20260909/docs,5,108596,0
contabo14,found:root/kis-autotrade-v4/tmp/wave-direct-15782f6e/docs,worktree,snapshot_duplicate,contabo14:found:opt/go100/card119-releases/da291646e/docs,4,55507,0
contabo14,found:root/kis-autotrade-v4/tmp/wave-direct-15782f6e/docs,worktree,snapshot_duplicate,contabo14:found:root/kis-autotrade-v4-worktrees/wave-core-supplement-20260909/docs,1,896056,0
contabo14,found:root/kis-autotrade-v4/tmp/wave-direct-15782f6e/report,worktree,of_original,cafe24_114:data-project-docs,1,13273,0
contabo14,found:root/kis-autotrade-v4/tmp/wave-direct-15782f6e/report,worktree,of_original,cafe24_114:found:root/go100/report,1,5120,0
contabo14,found:root/kis-autotrade-v4/tmp/wave-direct-15782f6e/report,worktree,of_original,cafe24_114:found:root/newtalk-v2-api-repo/project-docs-repo/go100/reports,5,50347,0
contabo14,found:root/kis-autotrade-v4/tmp/wave-direct-15782f6e/report,worktree,of_original,contabo14:found:root/kis-autotrade-v4/report,478,3241514,0
contabo14,found:root/kis-autotrade-v4/tmp/wave-direct-15782f6e/report,worktree,snapshot_duplicate,contabo116:found:root/aads/go100-card310-b-9HO1fh/repo/report,2,18106,0
contabo14,found:root/kis-autotrade-v4/tmp/wave-direct-15782f6e/reports,worktree,of_original,contabo14:found:root/kis-autotrade-v4/frontend/public/reports,1,5493,0
contabo14,found:root/kis-autotrade-v4/tmp/wave-direct-15782f6e/reports,worktree,of_original,contabo14:kis-autotrade-v4/reports,12,85630,0
contabo14,found:root/kis-autotrade-v4/tmp/wave-direct-push-15782f6e/docs,worktree,of_original,cafe24_114:go100/docs,2,7883,0
contabo14,found:root/kis-autotrade-v4/tmp/wave-direct-push-15782f6e/docs,worktree,of_original,contabo14:found:root/kis-autotrade-v4/frontend/public/reports,11,144713,0
contabo14,found:root/kis-autotrade-v4/tmp/wave-direct-push-15782f6e/docs,worktree,of_original,contabo14:found:root/kis-autotrade-v4/report,1,10030,0
contabo14,found:root/kis-autotrade-v4/tmp/wave-direct-push-15782f6e/docs,worktree,of_original,contabo14:kis-autotrade-v4/docs,718,9170727,0
contabo14,found:root/kis-autotrade-v4/tmp/wave-direct-push-15782f6e/docs,worktree,snapshot_duplicate,contabo116:found:root/aads/go100-card310-b-9HO1fh/repo/docs,8,49844,0
contabo14,found:root/kis-autotrade-v4/tmp/wave-direct-push-15782f6e/docs,worktree,snapshot_duplicate,contabo116:found:root/aads/go100-wave-direct-20260909/docs,5,108596,0
contabo14,found:root/kis-autotrade-v4/tmp/wave-direct-push-15782f6e/docs,worktree,snapshot_duplicate,contabo14:found:opt/go100/card119-releases/da291646e/docs,4,55507,0
contabo14,found:root/kis-autotrade-v4/tmp/wave-direct-push-15782f6e/docs,worktree,snapshot_duplicate,contabo14:found:root/kis-autotrade-v4-worktrees/wave-core-supplement-20260909/docs,1,896056,0
contabo14,found:root/kis-autotrade-v4/tmp/wave-direct-push-15782f6e/report,worktree,of_original,cafe24_114:data-project-docs,1,13273,0
contabo14,found:root/kis-autotrade-v4/tmp/wave-direct-push-15782f6e/report,worktree,of_original,cafe24_114:found:root/go100/report,1,5120,0
contabo14,found:root/kis-autotrade-v4/tmp/wave-direct-push-15782f6e/report,worktree,of_original,cafe24_114:found:root/newtalk-v2-api-repo/project-docs-repo/go100/reports,5,50347,0
contabo14,found:root/kis-autotrade-v4/tmp/wave-direct-push-15782f6e/report,worktree,of_original,contabo14:found:root/kis-autotrade-v4/report,478,3241514,0
contabo14,found:root/kis-autotrade-v4/tmp/wave-direct-push-15782f6e/report,worktree,snapshot_duplicate,contabo116:found:root/aads/go100-card310-b-9HO1fh/repo/report,2,18106,0
contabo14,found:root/kis-autotrade-v4/tmp/wave-direct-push-15782f6e/reports,worktree,of_original,contabo14:found:root/kis-autotrade-v4/frontend/public/reports,1,5493,0
contabo14,found:root/kis-autotrade-v4/tmp/wave-direct-push-15782f6e/reports,worktree,of_original,contabo14:kis-autotrade-v4/reports,12,85630,0
contabo14,found:root/kis-autotrade-v4/tmp/wave-final-direct-15782f6e/docs,worktree,of_original,cafe24_114:go100/docs,2,7883,0
contabo14,found:root/kis-autotrade-v4/tmp/wave-final-direct-15782f6e/docs,worktree,of_original,contabo14:found:root/kis-autotrade-v4/frontend/public/reports,11,144713,0
contabo14,found:root/kis-autotrade-v4/tmp/wave-final-direct-15782f6e/docs,worktree,of_original,contabo14:found:root/kis-autotrade-v4/report,1,10030,0
contabo14,found:root/kis-autotrade-v4/tmp/wave-final-direct-15782f6e/docs,worktree,of_original,contabo14:kis-autotrade-v4/docs,724,9227309,0
contabo14,found:root/kis-autotrade-v4/tmp/wave-final-direct-15782f6e/docs,worktree,snapshot_duplicate,contabo116:found:root/aads/go100-card310-b-9HO1fh/repo/docs,8,49844,0
contabo14,found:root/kis-autotrade-v4/tmp/wave-final-direct-15782f6e/docs,worktree,snapshot_duplicate,contabo116:found:root/aads/go100-wave-direct-20260909/docs,7,1035159,0
contabo14,found:root/kis-autotrade-v4/tmp/wave-final-direct-15782f6e/docs,worktree,snapshot_duplicate,contabo14:found:opt/go100/card119-releases/da291646e/docs,1,10047,0
contabo14,found:root/kis-autotrade-v4/tmp/wave-final-direct-15782f6e/report,worktree,of_original,cafe24_114:data-project-docs,1,13273,0
contabo14,found:root/kis-autotrade-v4/tmp/wave-final-direct-15782f6e/report,worktree,of_original,cafe24_114:found:root/go100/report,1,5120,0
contabo14,found:root/kis-autotrade-v4/tmp/wave-final-direct-15782f6e/report,worktree,of_original,cafe24_114:found:root/newtalk-v2-api-repo/project-docs-repo/go100/reports,5,50347,0
contabo14,found:root/kis-autotrade-v4/tmp/wave-final-direct-15782f6e/report,worktree,of_original,contabo14:found:root/kis-autotrade-v4/report,478,3241514,0
contabo14,found:root/kis-autotrade-v4/tmp/wave-final-direct-15782f6e/report,worktree,snapshot_duplicate,contabo116:found:root/aads/go100-card310-b-9HO1fh/repo/report,2,18106,0
contabo14,found:root/kis-autotrade-v4/tmp/wave-final-direct-15782f6e/reports,worktree,of_original,contabo14:found:root/kis-autotrade-v4/frontend/public/reports,1,5493,0
contabo14,found:root/kis-autotrade-v4/tmp/wave-final-direct-15782f6e/reports,worktree,of_original,contabo14:kis-autotrade-v4/reports,12,85630,0
contabo14,found:root/kis-worktrees/go100-360-prov/backend/docs,worktree,of_original,contabo14:found:root/kis-autotrade-v4/backend/docs,1,24110,0
contabo14,found:root/kis-worktrees/go100-360-prov/backend/reports,worktree,of_original,contabo14:found:root/kis-autotrade-v4/backend/reports,3,36992,0
contabo14,found:root/kis-worktrees/go100-360-prov/docs,worktree,of_original,cafe24_114:go100/docs,2,7883,0
contabo14,found:root/kis-worktrees/go100-360-prov/docs,worktree,of_original,contabo14:found:root/kis-autotrade-v4/frontend/public/reports,11,144713,0
contabo14,found:root/kis-worktrees/go100-360-prov/docs,worktree,of_original,contabo14:found:root/kis-autotrade-v4/report,1,10030,0
contabo14,found:root/kis-worktrees/go100-360-prov/docs,worktree,of_original,contabo14:kis-autotrade-v4/docs,706,8980349,0
contabo14,found:root/kis-worktrees/go100-360-prov/docs,worktree,snapshot_duplicate,contabo116:found:root/aads/go100-card310-b-9HO1fh/repo/docs,4,23947,0
contabo14,found:root/kis-worktrees/go100-360-prov/docs,worktree,snapshot_duplicate,contabo116:found:root/aads/go100-wave-direct-20260909/docs,2,18069,0
contabo14,found:root/kis-worktrees/go100-360-prov/docs,worktree,snapshot_duplicate,contabo14:found:opt/go100/card119-releases/da291646e/docs,1,10047,0
contabo14,found:root/kis-worktrees/go100-360-prov/report,worktree,of_original,cafe24_114:data-project-docs,1,13273,0
contabo14,found:root/kis-worktrees/go100-360-prov/report,worktree,of_original,cafe24_114:found:root/go100/report,1,5120,0
contabo14,found:root/kis-worktrees/go100-360-prov/report,worktree,of_original,cafe24_114:found:root/newtalk-v2-api-repo/project-docs-repo/go100/reports,5,50347,0
contabo14,found:root/kis-worktrees/go100-360-prov/report,worktree,of_original,contabo14:found:root/kis-autotrade-v4/report,478,3241514,0
contabo14,found:root/kis-worktrees/go100-360-prov/report,worktree,snapshot_duplicate,contabo116:found:root/aads/go100-card310-b-9HO1fh/repo/report,2,18106,0
contabo14,found:root/kis-worktrees/go100-360-prov/reports,worktree,of_original,contabo14:found:root/kis-autotrade-v4/frontend/public/reports,1,5493,0
contabo14,found:root/kis-worktrees/go100-360-prov/reports,worktree,of_original,contabo14:kis-autotrade-v4/reports,10,74457,0
contabo14,found:root/wt-card310-cplan-5d/backend/docs,worktree,of_original,contabo14:found:root/kis-autotrade-v4/backend/docs,1,24110,0
contabo14,found:root/wt-card310-cplan-5d/backend/reports,worktree,of_original,contabo14:found:root/kis-autotrade-v4/backend/reports,3,36992,0
contabo14,found:root/wt-card310-cplan-5d/docs,worktree,of_original,cafe24_114:go100/docs,1,4910,0
contabo14,found:root/wt-card310-cplan-5d/docs,worktree,of_original,contabo14:found:root/kis-autotrade-v4/frontend/public/reports,13,247694,0
contabo14,found:root/wt-card310-cplan-5d/docs,worktree,of_original,contabo14:found:root/kis-autotrade-v4/report,1,10030,0
contabo14,found:root/wt-card310-cplan-5d/docs,worktree,of_original,contabo14:kis-autotrade-v4/docs,761,9702058,0
contabo14,found:root/wt-card310-cplan-5d/docs,worktree,snapshot_duplicate,contabo116:found:root/aads/go100-card310-b-9HO1fh/repo/docs,10,143463,0
contabo14,found:root/wt-card310-cplan-5d/frontend/public/reports,worktree,of_original,contabo14:found:root/kis-autotrade-v4/backend/reports,2,18977,0
contabo14,found:root/wt-card310-cplan-5d/frontend/public/reports,worktree,of_original,contabo14:found:root/kis-autotrade-v4/frontend/public/reports,72,2962768,0
contabo14,found:root/wt-card310-cplan-5d/frontend/public/reports,worktree,snapshot_duplicate,contabo14:found:root/kis-autotrade-v4-wt-310/frontend/public/reports,1,4905,0
contabo14,found:root/wt-card310-cplan-5d/report,worktree,of_original,contabo14:found:root/kis-autotrade-v4/report,487,3328296,0
contabo14,found:root/wt-card310-cplan-5d/reports,worktree,of_original,contabo14:found:root/kis-autotrade-v4/frontend/public/reports,1,5493,0
contabo14,found:root/wt-card310-cplan-5d/reports,worktree,of_original,contabo14:kis-autotrade-v4/reports,14,109682,0
contabo14,found:root/wt-card310-cplan-5d/server-116/newpigup3/reports,worktree,of_original,contabo14:found:root/kis-autotrade-v4/server-116/newpigup3/reports,4,22429,0
contabo14,found:root/wt-chart-rt/backend/docs,worktree,of_original,contabo14:found:root/kis-autotrade-v4/backend/docs,1,24110,0
contabo14,found:root/wt-chart-rt/backend/reports,worktree,of_original,contabo14:found:root/kis-autotrade-v4/backend/reports,3,36992,0
contabo14,found:root/wt-chart-rt/docs,worktree,of_original,cafe24_114:go100/docs,2,7883,0
contabo14,found:root/wt-chart-rt/docs,worktree,of_original,contabo14:found:root/kis-autotrade-v4/frontend/public/reports,11,144713,0
contabo14,found:root/wt-chart-rt/docs,worktree,of_original,contabo14:found:root/kis-autotrade-v4/report,1,10030,0
contabo14,found:root/wt-chart-rt/docs,worktree,of_original,contabo14:kis-autotrade-v4/docs,732,9404785,0
contabo14,found:root/wt-chart-rt/docs,worktree,snapshot_duplicate,contabo116:found:root/aads/go100-card310-b-9HO1fh/repo/docs,9,63267,0
contabo14,found:root/wt-chart-rt/docs,worktree,snapshot_duplicate,contabo116:found:root/aads/go100-wave-direct-20260909/docs,2,18069,0
contabo14,found:root/wt-chart-rt/docs,worktree,snapshot_duplicate,contabo14:found:root/kis-autotrade-v4-worktrees/chart-rt-candles-20260909/docs,2,909326,0
contabo14,found:root/wt-chart-rt/frontend/public/reports,worktree,of_original,contabo14:found:root/kis-autotrade-v4/backend/reports,2,18977,0
contabo14,found:root/wt-chart-rt/frontend/public/reports,worktree,of_original,contabo14:found:root/kis-autotrade-v4/frontend/public/reports,69,2850016,0
contabo14,found:root/wt-chart-rt/frontend/public/reports,worktree,snapshot_duplicate,contabo14:found:root/kis-autotrade-v4-wt-310/frontend/public/reports,2,13198,0
contabo14,found:root/wt-chart-rt/report,worktree,of_original,cafe24_114:data-project-docs,1,13273,0
contabo14,found:root/wt-chart-rt/report,worktree,of_original,cafe24_114:found:root/go100/report,1,5120,0
contabo14,found:root/wt-chart-rt/report,worktree,of_original,cafe24_114:found:root/newtalk-v2-api-repo/project-docs-repo/go100/reports,5,50347,0
contabo14,found:root/wt-chart-rt/report,worktree,of_original,contabo14:found:root/kis-autotrade-v4/report,478,3241514,0
contabo14,found:root/wt-chart-rt/report,worktree,snapshot_duplicate,contabo116:found:root/aads/go100-card310-b-9HO1fh/repo/report,2,18106,0
contabo14,found:root/wt-chart-rt/reports,worktree,of_original,contabo14:found:root/kis-autotrade-v4/frontend/public/reports,1,5493,0
contabo14,found:root/wt-chart-rt/reports,worktree,of_original,contabo14:kis-autotrade-v4/reports,12,85630,0
contabo14,found:root/wt-chart-rt/server-116/newpigup3/reports,worktree,of_original,contabo14:found:root/kis-autotrade-v4/server-116/newpigup3/reports,4,22429,0
contabo14,found:root/wt-go100-baseline-4aa5a3639/backend/docs,worktree,of_original,contabo14:found:root/kis-autotrade-v4/backend/docs,1,24110,0
contabo14,found:root/wt-go100-baseline-4aa5a3639/backend/reports,worktree,of_original,contabo14:found:root/kis-autotrade-v4/backend/reports,3,36992,0
contabo14,found:root/wt-go100-baseline-4aa5a3639/docs,worktree,of_original,cafe24_114:go100/docs,1,4910,0
contabo14,found:root/wt-go100-baseline-4aa5a3639/docs,worktree,of_original,contabo14:found:root/kis-autotrade-v4/frontend/public/reports,13,247694,0
contabo14,found:root/wt-go100-baseline-4aa5a3639/docs,worktree,of_original,contabo14:found:root/kis-autotrade-v4/report,1,10030,0
contabo14,found:root/wt-go100-baseline-4aa5a3639/docs,worktree,of_original,contabo14:kis-autotrade-v4/docs,762,9715969,0
contabo14,found:root/wt-go100-baseline-4aa5a3639/docs,worktree,snapshot_duplicate,contabo116:found:root/aads/go100-card310-b-9HO1fh/repo/docs,10,143463,0
contabo14,found:root/wt-go100-baseline-4aa5a3639/frontend/public/reports,worktree,of_original,contabo14:found:root/kis-autotrade-v4/backend/reports,2,18977,0
contabo14,found:root/wt-go100-baseline-4aa5a3639/frontend/public/reports,worktree,of_original,contabo14:found:root/kis-autotrade-v4/frontend/public/reports,72,2962768,0
contabo14,found:root/wt-go100-baseline-4aa5a3639/frontend/public/reports,worktree,snapshot_duplicate,contabo14:found:root/kis-autotrade-v4-wt-310/frontend/public/reports,1,4905,0
contabo14,found:root/wt-go100-baseline-4aa5a3639/report,worktree,of_original,contabo14:found:root/kis-autotrade-v4/report,487,3328296,0
contabo14,found:root/wt-go100-baseline-4aa5a3639/reports,worktree,of_original,contabo14:found:root/kis-autotrade-v4/frontend/public/reports,1,5493,0
contabo14,found:root/wt-go100-baseline-4aa5a3639/reports,worktree,of_original,contabo14:kis-autotrade-v4/reports,14,109682,0
contabo14,found:root/wt-go100-baseline-4aa5a3639/server-116/newpigup3/reports,worktree,of_original,contabo14:found:root/kis-autotrade-v4/server-116/newpigup3/reports,4,22429,0
contabo14,found:root/wt-go100-bt-canonical-20260913/backend/docs,worktree,of_original,contabo14:found:root/kis-autotrade-v4/backend/docs,1,24110,0
contabo14,found:root/wt-go100-bt-canonical-20260913/backend/reports,worktree,of_original,contabo14:found:root/kis-autotrade-v4/backend/reports,3,36992,0
contabo14,found:root/wt-go100-bt-canonical-20260913/docs,worktree,of_original,cafe24_114:go100/docs,1,4910,0
contabo14,found:root/wt-go100-bt-canonical-20260913/docs,worktree,of_original,contabo14:found:root/kis-autotrade-v4/frontend/public/reports,13,247694,0
contabo14,found:root/wt-go100-bt-canonical-20260913/docs,worktree,of_original,contabo14:found:root/kis-autotrade-v4/report,1,10030,0
contabo14,found:root/wt-go100-bt-canonical-20260913/docs,worktree,of_original,contabo14:kis-autotrade-v4/docs,760,9681721,0
contabo14,found:root/wt-go100-bt-canonical-20260913/docs,worktree,snapshot_duplicate,contabo116:found:root/aads/go100-card310-b-9HO1fh/repo/docs,10,143463,0
contabo14,found:root/wt-go100-bt-canonical-20260913/docs,worktree,snapshot_duplicate,contabo14:found:opt/go100/bt-canonical-p0r2-20260914/docs,3,44045,0
contabo14,found:root/wt-go100-bt-canonical-20260913/docs,worktree,snapshot_duplicate,contabo14:found:opt/go100/worktrees/bt-canonical-p0-r2-20260914/docs,1,982672,0
contabo14,found:root/wt-go100-bt-canonical-20260913/frontend/public/reports,worktree,of_original,contabo14:found:root/kis-autotrade-v4/backend/reports,2,18977,0
contabo14,found:root/wt-go100-bt-canonical-20260913/frontend/public/reports,worktree,of_original,contabo14:found:root/kis-autotrade-v4/frontend/public/reports,72,2962768,0
contabo14,found:root/wt-go100-bt-canonical-20260913/frontend/public/reports,worktree,snapshot_duplicate,contabo14:found:root/kis-autotrade-v4-wt-310/frontend/public/reports,1,4905,0
contabo14,found:root/wt-go100-bt-canonical-20260913/report,worktree,of_original,contabo14:found:root/kis-autotrade-v4/report,487,3328296,0
contabo14,found:root/wt-go100-bt-canonical-20260913/reports,worktree,of_original,contabo14:found:root/kis-autotrade-v4/frontend/public/reports,1,5493,0
contabo14,found:root/wt-go100-bt-canonical-20260913/reports,worktree,of_original,contabo14:kis-autotrade-v4/reports,14,109682,0
contabo14,found:root/wt-go100-bt-canonical-20260913/server-116/newpigup3/reports,worktree,of_original,contabo14:found:root/kis-autotrade-v4/server-116/newpigup3/reports,4,22429,0
contabo14,found:root/wt-go100-kis-ws-appkey-fence-0930/backend/docs,worktree,of_original,contabo14:found:root/kis-autotrade-v4/backend/docs,1,24110,0
contabo14,found:root/wt-go100-kis-ws-appkey-fence-0930/backend/reports,worktree,of_original,contabo14:found:root/kis-autotrade-v4/backend/reports,3,36992,0
contabo14,found:root/wt-go100-kis-ws-appkey-fence-0930/docs,worktree,of_original,contabo14:found:root/kis-autotrade-v4/frontend/public/reports,13,247694,0
contabo14,found:root/wt-go100-kis-ws-appkey-fence-0930/docs,worktree,of_original,contabo14:found:root/kis-autotrade-v4/report,1,10030,0
contabo14,found:root/wt-go100-kis-ws-appkey-fence-0930/docs,worktree,of_original,contabo14:kis-autotrade-v4/docs,850,12180670,0
contabo14,found:root/wt-go100-kis-ws-appkey-fence-0930/docs,worktree,snapshot_duplicate,contabo116:found:root/aads/go100-card310-b-9HO1fh/repo/docs,1,4736,0
contabo14,found:root/wt-go100-kis-ws-appkey-fence-0930/docs,worktree,snapshot_duplicate,contabo14:found:root/go100-push-1235/docs,1,135332,0
contabo14,found:root/wt-go100-kis-ws-appkey-fence-0930/frontend/public/reports,worktree,of_original,contabo14:found:root/kis-autotrade-v4/backend/reports,2,18977,0
contabo14,found:root/wt-go100-kis-ws-appkey-fence-0930/frontend/public/reports,worktree,of_original,contabo14:found:root/kis-autotrade-v4/frontend/public/reports,73,2970368,0
contabo14,found:root/wt-go100-kis-ws-appkey-fence-0930/report,worktree,of_original,contabo14:found:root/kis-autotrade-v4/report,488,3329841,0
contabo14,found:root/wt-go100-kis-ws-appkey-fence-0930/reports,worktree,of_original,contabo14:found:root/kis-autotrade-v4/frontend/public/reports,1,5493,0
contabo14,found:root/wt-go100-kis-ws-appkey-fence-0930/reports,worktree,of_original,contabo14:kis-autotrade-v4/reports,17,158834,0
contabo14,found:root/wt-go100-kis-ws-appkey-fence-0930/server-116/newpigup3/reports,worktree,of_original,contabo14:found:root/kis-autotrade-v4/server-116/newpigup3/reports,4,22429,0
contabo14,found:root/wt-go100-minute-venue-0930/backend/docs,worktree,of_original,contabo14:found:root/kis-autotrade-v4/backend/docs,1,24110,0
contabo14,found:root/wt-go100-minute-venue-0930/backend/reports,worktree,of_original,contabo14:found:root/kis-autotrade-v4/backend/reports,3,36992,0
contabo14,found:root/wt-go100-minute-venue-0930/docs,worktree,of_original,contabo14:found:root/kis-autotrade-v4/frontend/public/reports,13,247694,0
contabo14,found:root/wt-go100-minute-venue-0930/docs,worktree,of_original,contabo14:found:root/kis-autotrade-v4/report,1,10030,0
contabo14,found:root/wt-go100-minute-venue-0930/docs,worktree,of_original,contabo14:kis-autotrade-v4/docs,850,12180670,0
contabo14,found:root/wt-go100-minute-venue-0930/docs,worktree,snapshot_duplicate,contabo116:found:root/aads/go100-card310-b-9HO1fh/repo/docs,1,4736,0
contabo14,found:root/wt-go100-minute-venue-0930/docs,worktree,snapshot_duplicate,contabo14:found:root/go100-push-1235/docs,1,135332,0
contabo14,found:root/wt-go100-minute-venue-0930/frontend/public/reports,worktree,of_original,contabo14:found:root/kis-autotrade-v4/backend/reports,2,18977,0
contabo14,found:root/wt-go100-minute-venue-0930/frontend/public/reports,worktree,of_original,contabo14:found:root/kis-autotrade-v4/frontend/public/reports,73,2970368,0
contabo14,found:root/wt-go100-minute-venue-0930/report,worktree,of_original,contabo14:found:root/kis-autotrade-v4/report,488,3329841,0
contabo14,found:root/wt-go100-minute-venue-0930/reports,worktree,of_original,contabo14:found:root/kis-autotrade-v4/frontend/public/reports,1,5493,0
contabo14,found:root/wt-go100-minute-venue-0930/reports,worktree,of_original,contabo14:kis-autotrade-v4/reports,17,158834,0
contabo14,found:root/wt-go100-minute-venue-0930/server-116/newpigup3/reports,worktree,of_original,contabo14:found:root/kis-autotrade-v4/server-116/newpigup3/reports,4,22429,0
contabo14,found:root/wt-go100-sec-v4r/backend/docs,worktree,of_original,contabo14:found:root/kis-autotrade-v4/backend/docs,1,24110,0
contabo14,found:root/wt-go100-sec-v4r/backend/reports,worktree,of_original,contabo14:found:root/kis-autotrade-v4/backend/reports,3,36992,0
contabo14,found:root/wt-go100-sec-v4r/docs,worktree,of_original,cafe24_114:go100/docs,1,4910,0
contabo14,found:root/wt-go100-sec-v4r/docs,worktree,of_original,contabo14:found:root/kis-autotrade-v4/frontend/public/reports,13,247694,0
contabo14,found:root/wt-go100-sec-v4r/docs,worktree,of_original,contabo14:found:root/kis-autotrade-v4/report,1,10030,0
contabo14,found:root/wt-go100-sec-v4r/docs,worktree,of_original,contabo14:kis-autotrade-v4/docs,759,9667810,0
contabo14,found:root/wt-go100-sec-v4r/docs,worktree,snapshot_duplicate,contabo116:found:root/aads/go100-card310-b-9HO1fh/repo/docs,10,143463,0
contabo14,found:root/wt-go100-sec-v4r/docs,worktree,snapshot_duplicate,contabo14:found:root/wt-card310-cplan-5d/docs,1,5750,0
contabo14,found:root/wt-go100-sec-v4r/frontend/public/reports,worktree,of_original,contabo14:found:root/kis-autotrade-v4/backend/reports,2,18977,0
contabo14,found:root/wt-go100-sec-v4r/frontend/public/reports,worktree,of_original,contabo14:found:root/kis-autotrade-v4/frontend/public/reports,72,2962768,0
contabo14,found:root/wt-go100-sec-v4r/frontend/public/reports,worktree,snapshot_duplicate,contabo14:found:root/kis-autotrade-v4-wt-310/frontend/public/reports,1,4905,0
contabo14,found:root/wt-go100-sec-v4r/report,worktree,of_original,contabo14:found:root/kis-autotrade-v4/report,487,3328296,0
contabo14,found:root/wt-go100-sec-v4r/reports,worktree,of_original,contabo14:found:root/kis-autotrade-v4/frontend/public/reports,1,5493,0
contabo14,found:root/wt-go100-sec-v4r/reports,worktree,of_original,contabo14:kis-autotrade-v4/reports,14,109682,0
contabo14,found:root/wt-go100-sec-v4r/server-116/newpigup3/reports,worktree,of_original,contabo14:found:root/kis-autotrade-v4/server-116/newpigup3/reports,4,22429,0
contabo14,found:root/wt-m7-r5-b/backend/docs,worktree,of_original,contabo14:found:root/kis-autotrade-v4/backend/docs,1,24110,0
contabo14,found:root/wt-m7-r5-b/backend/reports,worktree,of_original,contabo14:found:root/kis-autotrade-v4/backend/reports,3,36992,0
contabo14,found:root/wt-m7-r5-b/docs,worktree,of_original,contabo14:found:root/kis-autotrade-v4/frontend/public/reports,13,247694,0
contabo14,found:root/wt-m7-r5-b/docs,worktree,of_original,contabo14:found:root/kis-autotrade-v4/report,1,10030,0
contabo14,found:root/wt-m7-r5-b/docs,worktree,of_original,contabo14:kis-autotrade-v4/docs,835,11612801,0
contabo14,found:root/wt-m7-r5-b/docs,worktree,snapshot_duplicate,contabo116:found:root/aads/go100-card310-b-9HO1fh/repo/docs,1,4736,0
contabo14,found:root/wt-m7-r5-b/docs,worktree,snapshot_duplicate,contabo14:found:opt/go100/worktrees/chat-2648cf77-docs/docs,2,13276,0
contabo14,found:root/wt-m7-r5-b/docs,worktree,snapshot_duplicate,contabo14:found:root/go100-release-1605/docs,1,115072,0
contabo14,found:root/wt-m7-r5-b/frontend/public/reports,worktree,of_original,contabo14:found:root/kis-autotrade-v4/backend/reports,2,18977,0
contabo14,found:root/wt-m7-r5-b/frontend/public/reports,worktree,of_original,contabo14:found:root/kis-autotrade-v4/frontend/public/reports,73,2970368,0
contabo14,found:root/wt-m7-r5-b/report,worktree,of_original,contabo14:found:root/kis-autotrade-v4/report,488,3329841,0
contabo14,found:root/wt-m7-r5-b/reports,worktree,of_original,contabo14:found:root/kis-autotrade-v4/frontend/public/reports,1,5493,0
contabo14,found:root/wt-m7-r5-b/reports,worktree,of_original,contabo14:kis-autotrade-v4/reports,17,158834,0
contabo14,found:root/wt-m7-r5-b/server-116/newpigup3/reports,worktree,of_original,contabo14:found:root/kis-autotrade-v4/server-116/newpigup3/reports,4,22429,0
contabo14,found:root/wt-m7-r5/backend/docs,worktree,of_original,contabo14:found:root/kis-autotrade-v4/backend/docs,1,24110,0
contabo14,found:root/wt-m7-r5/backend/reports,worktree,of_original,contabo14:found:root/kis-autotrade-v4/backend/reports,3,36992,0
contabo14,found:root/wt-m7-r5/docs,worktree,of_original,contabo14:found:root/kis-autotrade-v4/frontend/public/reports,13,247694,0
contabo14,found:root/wt-m7-r5/docs,worktree,of_original,contabo14:found:root/kis-autotrade-v4/report,1,10030,0
contabo14,found:root/wt-m7-r5/docs,worktree,of_original,contabo14:kis-autotrade-v4/docs,835,11612801,0
contabo14,found:root/wt-m7-r5/docs,worktree,snapshot_duplicate,contabo116:found:root/aads/go100-card310-b-9HO1fh/repo/docs,1,4736,0
contabo14,found:root/wt-m7-r5/docs,worktree,snapshot_duplicate,contabo14:found:opt/go100/worktrees/chat-2648cf77-docs/docs,2,13276,0
contabo14,found:root/wt-m7-r5/docs,worktree,snapshot_duplicate,contabo14:found:root/go100-release-1605/docs,1,115072,0
contabo14,found:root/wt-m7-r5/frontend/public/reports,worktree,of_original,contabo14:found:root/kis-autotrade-v4/backend/reports,2,18977,0
contabo14,found:root/wt-m7-r5/frontend/public/reports,worktree,of_original,contabo14:found:root/kis-autotrade-v4/frontend/public/reports,73,2970368,0
contabo14,found:root/wt-m7-r5/report,worktree,of_original,contabo14:found:root/kis-autotrade-v4/report,488,3329841,0
contabo14,found:root/wt-m7-r5/reports,worktree,of_original,contabo14:found:root/kis-autotrade-v4/frontend/public/reports,1,5493,0
contabo14,found:root/wt-m7-r5/reports,worktree,of_original,contabo14:kis-autotrade-v4/reports,17,158834,0
contabo14,found:root/wt-m7-r5/server-116/newpigup3/reports,worktree,of_original,contabo14:found:root/kis-autotrade-v4/server-116/newpigup3/reports,4,22429,0
contabo14,found:root/wt-wave-base/backend/docs,worktree,of_original,contabo14:found:root/kis-autotrade-v4/backend/docs,1,24110,0
contabo14,found:root/wt-wave-base/backend/reports,worktree,of_original,contabo14:found:root/kis-autotrade-v4/backend/reports,3,36992,0
contabo14,found:root/wt-wave-base/docs,worktree,of_original,contabo14:found:root/kis-autotrade-v4/frontend/public/reports,13,247694,0
contabo14,found:root/wt-wave-base/docs,worktree,of_original,contabo14:found:root/kis-autotrade-v4/report,1,10030,0
contabo14,found:root/wt-wave-base/docs,worktree,of_original,contabo14:kis-autotrade-v4/docs,875,11611278,0
contabo14,found:root/wt-wave-base/docs,worktree,snapshot_duplicate,contabo14:found:opt/go100/backend-releases/08a0d3694/docs,13,1252469,0
contabo14,found:root/wt-wave-base/docs,worktree,snapshot_duplicate,contabo14:found:opt/go100/backend-releases/685d78ee1/docs,6,88988,0
contabo14,found:root/wt-wave-base/frontend/public/reports,worktree,of_original,contabo14:found:root/kis-autotrade-v4/backend/reports,2,18977,0
contabo14,found:root/wt-wave-base/frontend/public/reports,worktree,of_original,contabo14:found:root/kis-autotrade-v4/frontend/public/reports,73,2970368,0
contabo14,found:root/wt-wave-base/report,worktree,of_original,contabo14:found:root/kis-autotrade-v4/report,488,3329841,0
contabo14,found:root/wt-wave-base/reports,worktree,of_original,contabo14:found:root/kis-autotrade-v4/frontend/public/reports,1,5493,0
contabo14,found:root/wt-wave-base/reports,worktree,of_original,contabo14:kis-autotrade-v4/reports,18,164888,0
contabo14,found:root/wt-wave-base/server-116/newpigup3/reports,worktree,of_original,contabo14:found:root/kis-autotrade-v4/server-116/newpigup3/reports,4,22429,0
contabo14,found:root/wt-wave-r3-direct/backend/docs,worktree,of_original,contabo14:found:root/kis-autotrade-v4/backend/docs,1,24110,0
contabo14,found:root/wt-wave-r3-direct/backend/reports,worktree,of_original,contabo14:found:root/kis-autotrade-v4/backend/reports,3,36992,0
contabo14,found:root/wt-wave-r3-direct/docs,worktree,of_original,contabo14:found:root/kis-autotrade-v4/frontend/public/reports,13,247694,0
contabo14,found:root/wt-wave-r3-direct/docs,worktree,of_original,contabo14:found:root/kis-autotrade-v4/report,1,10030,0
contabo14,found:root/wt-wave-r3-direct/docs,worktree,of_original,contabo14:kis-autotrade-v4/docs,875,11611278,0
contabo14,found:root/wt-wave-r3-direct/docs,worktree,snapshot_duplicate,contabo14:found:opt/go100/backend-releases/08a0d3694/docs,13,1252469,0
contabo14,found:root/wt-wave-r3-direct/docs,worktree,snapshot_duplicate,contabo14:found:opt/go100/backend-releases/685d78ee1/docs,8,110194,0
contabo14,found:root/wt-wave-r3-direct/frontend/public/reports,worktree,of_original,contabo14:found:root/kis-autotrade-v4/backend/reports,2,18977,0
contabo14,found:root/wt-wave-r3-direct/frontend/public/reports,worktree,of_original,contabo14:found:root/kis-autotrade-v4/frontend/public/reports,73,2970368,0
contabo14,found:root/wt-wave-r3-direct/report,worktree,of_original,contabo14:found:root/kis-autotrade-v4/report,488,3329841,0
contabo14,found:root/wt-wave-r3-direct/reports,worktree,of_original,contabo14:found:root/kis-autotrade-v4/frontend/public/reports,1,5493,0
contabo14,found:root/wt-wave-r3-direct/reports,worktree,of_original,contabo14:kis-autotrade-v4/reports,18,164888,0
contabo14,found:root/wt-wave-r3-direct/server-116/newpigup3/reports,worktree,of_original,contabo14:found:root/kis-autotrade-v4/server-116/newpigup3/reports,4,22429,0
contabo14,found:root/wt-wp01-base/backend/docs,worktree,of_original,contabo14:found:root/kis-autotrade-v4/backend/docs,1,24110,0
contabo14,found:root/wt-wp01-base/backend/reports,worktree,of_original,contabo14:found:root/kis-autotrade-v4/backend/reports,3,36992,0
contabo14,found:root/wt-wp01-base/docs,worktree,of_original,contabo14:found:root/kis-autotrade-v4/frontend/public/reports,13,247694,0
contabo14,found:root/wt-wp01-base/docs,worktree,of_original,contabo14:found:root/kis-autotrade-v4/report,1,10030,0
contabo14,found:root/wt-wp01-base/docs,worktree,of_original,contabo14:kis-autotrade-v4/docs,835,11612801,0
contabo14,found:root/wt-wp01-base/docs,worktree,snapshot_duplicate,contabo116:found:root/aads/go100-card310-b-9HO1fh/repo/docs,1,4736,0
contabo14,found:root/wt-wp01-base/docs,worktree,snapshot_duplicate,contabo14:found:opt/go100/worktrees/chat-2648cf77-docs/docs,2,13276,0
contabo14,found:root/wt-wp01-base/frontend/public/reports,worktree,of_original,contabo14:found:root/kis-autotrade-v4/backend/reports,2,18977,0
contabo14,found:root/wt-wp01-base/frontend/public/reports,worktree,of_original,contabo14:found:root/kis-autotrade-v4/frontend/public/reports,73,2970368,0
contabo14,found:root/wt-wp01-base/report,worktree,of_original,contabo14:found:root/kis-autotrade-v4/report,488,3329841,0
contabo14,found:root/wt-wp01-base/reports,worktree,of_original,contabo14:found:root/kis-autotrade-v4/frontend/public/reports,1,5493,0
contabo14,found:root/wt-wp01-base/reports,worktree,of_original,contabo14:kis-autotrade-v4/reports,17,158834,0
contabo14,found:root/wt-wp01-base/server-116/newpigup3/reports,worktree,of_original,contabo14:found:root/kis-autotrade-v4/server-116/newpigup3/reports,4,22429,0
contabo14,found:root/wt-wp01-integ/backend/docs,worktree,of_original,contabo14:found:root/kis-autotrade-v4/backend/docs,1,24110,0
contabo14,found:root/wt-wp01-integ/backend/reports,worktree,of_original,contabo14:found:root/kis-autotrade-v4/backend/reports,3,36992,0
contabo14,found:root/wt-wp01-integ/docs,worktree,of_original,contabo14:found:root/kis-autotrade-v4/frontend/public/reports,13,247694,0
contabo14,found:root/wt-wp01-integ/docs,worktree,of_original,contabo14:found:root/kis-autotrade-v4/report,1,10030,0
contabo14,found:root/wt-wp01-integ/docs,worktree,of_original,contabo14:kis-autotrade-v4/docs,835,11612801,0
contabo14,found:root/wt-wp01-integ/docs,worktree,snapshot_duplicate,contabo116:found:root/aads/go100-card310-b-9HO1fh/repo/docs,1,4736,0
contabo14,found:root/wt-wp01-integ/docs,worktree,snapshot_duplicate,contabo14:found:opt/go100/worktrees/chat-2648cf77-docs/docs,2,13276,0
contabo14,found:root/wt-wp01-integ/frontend/public/reports,worktree,of_original,contabo14:found:root/kis-autotrade-v4/backend/reports,2,18977,0
contabo14,found:root/wt-wp01-integ/frontend/public/reports,worktree,of_original,contabo14:found:root/kis-autotrade-v4/frontend/public/reports,73,2970368,0
contabo14,found:root/wt-wp01-integ/report,worktree,of_original,contabo14:found:root/kis-autotrade-v4/report,488,3329841,0
contabo14,found:root/wt-wp01-integ/reports,worktree,of_original,contabo14:found:root/kis-autotrade-v4/frontend/public/reports,1,5493,0
contabo14,found:root/wt-wp01-integ/reports,worktree,of_original,contabo14:kis-autotrade-v4/reports,17,158834,0
contabo14,found:root/wt-wp01-integ/server-116/newpigup3/reports,worktree,of_original,contabo14:found:root/kis-autotrade-v4/server-116/newpigup3/reports,4,22429,0
contabo14,found:root/wt-wp01-r2-opus/backend/docs,worktree,of_original,contabo14:found:root/kis-autotrade-v4/backend/docs,1,24110,0
contabo14,found:root/wt-wp01-r2-opus/backend/reports,worktree,of_original,contabo14:found:root/kis-autotrade-v4/backend/reports,3,36992,0
contabo14,found:root/wt-wp01-r2-opus/docs,worktree,of_original,contabo14:found:root/kis-autotrade-v4/frontend/public/reports,13,247694,0
contabo14,found:root/wt-wp01-r2-opus/docs,worktree,of_original,contabo14:found:root/kis-autotrade-v4/report,1,10030,0
contabo14,found:root/wt-wp01-r2-opus/docs,worktree,of_original,contabo14:kis-autotrade-v4/docs,835,11612801,0
contabo14,found:root/wt-wp01-r2-opus/docs,worktree,snapshot_duplicate,contabo116:found:root/aads/go100-card310-b-9HO1fh/repo/docs,1,4736,0
contabo14,found:root/wt-wp01-r2-opus/docs,worktree,snapshot_duplicate,contabo14:found:opt/go100/worktrees/chat-2648cf77-docs/docs,2,13276,0
contabo14,found:root/wt-wp01-r2-opus/frontend/public/reports,worktree,of_original,contabo14:found:root/kis-autotrade-v4/backend/reports,2,18977,0
contabo14,found:root/wt-wp01-r2-opus/frontend/public/reports,worktree,of_original,contabo14:found:root/kis-autotrade-v4/frontend/public/reports,73,2970368,0
contabo14,found:root/wt-wp01-r2-opus/report,worktree,of_original,contabo14:found:root/kis-autotrade-v4/report,488,3329841,0
contabo14,found:root/wt-wp01-r2-opus/reports,worktree,of_original,contabo14:found:root/kis-autotrade-v4/frontend/public/reports,1,5493,0
contabo14,found:root/wt-wp01-r2-opus/reports,worktree,of_original,contabo14:kis-autotrade-v4/reports,17,158834,0
contabo14,found:root/wt-wp01-r2-opus/server-116/newpigup3/reports,worktree,of_original,contabo14:found:root/kis-autotrade-v4/server-116/newpigup3/reports,4,22429,0
contabo14,found:root/wt-wp01-r2/backend/docs,worktree,of_original,contabo14:found:root/kis-autotrade-v4/backend/docs,1,24110,0
contabo14,found:root/wt-wp01-r2/backend/reports,worktree,of_original,contabo14:found:root/kis-autotrade-v4/backend/reports,3,36992,0
contabo14,found:root/wt-wp01-r2/docs,worktree,of_original,contabo14:found:root/kis-autotrade-v4/frontend/public/reports,13,247694,0
contabo14,found:root/wt-wp01-r2/docs,worktree,of_original,contabo14:found:root/kis-autotrade-v4/report,1,10030,0
contabo14,found:root/wt-wp01-r2/docs,worktree,of_original,contabo14:kis-autotrade-v4/docs,835,11612801,0
contabo14,found:root/wt-wp01-r2/docs,worktree,snapshot_duplicate,contabo116:found:root/aads/go100-card310-b-9HO1fh/repo/docs,1,4736,0
contabo14,found:root/wt-wp01-r2/docs,worktree,snapshot_duplicate,contabo14:found:opt/go100/worktrees/chat-2648cf77-docs/docs,2,13276,0
contabo14,found:root/wt-wp01-r2/frontend/public/reports,worktree,of_original,contabo14:found:root/kis-autotrade-v4/backend/reports,2,18977,0
contabo14,found:root/wt-wp01-r2/frontend/public/reports,worktree,of_original,contabo14:found:root/kis-autotrade-v4/frontend/public/reports,73,2970368,0
contabo14,found:root/wt-wp01-r2/report,worktree,of_original,contabo14:found:root/kis-autotrade-v4/report,488,3329841,0
contabo14,found:root/wt-wp01-r2/reports,worktree,of_original,contabo14:found:root/kis-autotrade-v4/frontend/public/reports,1,5493,0
contabo14,found:root/wt-wp01-r2/reports,worktree,of_original,contabo14:kis-autotrade-v4/reports,17,158834,0
contabo14,found:root/wt-wp01-r2/server-116/newpigup3/reports,worktree,of_original,contabo14:found:root/kis-autotrade-v4/server-116/newpigup3/reports,4,22429,0
contabo14,found:root/wt-wp01-self/backend/docs,worktree,of_original,contabo14:found:root/kis-autotrade-v4/backend/docs,1,24110,0
contabo14,found:root/wt-wp01-self/backend/reports,worktree,of_original,contabo14:found:root/kis-autotrade-v4/backend/reports,3,36992,0
contabo14,found:root/wt-wp01-self/docs,worktree,of_original,contabo14:found:root/kis-autotrade-v4/frontend/public/reports,13,247694,0
contabo14,found:root/wt-wp01-self/docs,worktree,of_original,contabo14:found:root/kis-autotrade-v4/report,1,10030,0
contabo14,found:root/wt-wp01-self/docs,worktree,of_original,contabo14:kis-autotrade-v4/docs,835,11612801,0
contabo14,found:root/wt-wp01-self/docs,worktree,snapshot_duplicate,contabo116:found:root/aads/go100-card310-b-9HO1fh/repo/docs,1,4736,0
contabo14,found:root/wt-wp01-self/docs,worktree,snapshot_duplicate,contabo14:found:opt/go100/worktrees/chat-2648cf77-docs/docs,2,13276,0
contabo14,found:root/wt-wp01-self/frontend/public/reports,worktree,of_original,contabo14:found:root/kis-autotrade-v4/backend/reports,2,18977,0
contabo14,found:root/wt-wp01-self/frontend/public/reports,worktree,of_original,contabo14:found:root/kis-autotrade-v4/frontend/public/reports,73,2970368,0
contabo14,found:root/wt-wp01-self/report,worktree,of_original,contabo14:found:root/kis-autotrade-v4/report,488,3329841,0
contabo14,found:root/wt-wp01-self/reports,worktree,of_original,contabo14:found:root/kis-autotrade-v4/frontend/public/reports,1,5493,0
contabo14,found:root/wt-wp01-self/reports,worktree,of_original,contabo14:kis-autotrade-v4/reports,17,158834,0
contabo14,found:root/wt-wp01-self/server-116/newpigup3/reports,worktree,of_original,contabo14:found:root/kis-autotrade-v4/server-116/newpigup3/reports,4,22429,0
contabo14,found:root/wt-wp01/backend/docs,worktree,of_original,contabo14:found:root/kis-autotrade-v4/backend/docs,1,24110,0
contabo14,found:root/wt-wp01/backend/reports,worktree,of_original,contabo14:found:root/kis-autotrade-v4/backend/reports,3,36992,0
contabo14,found:root/wt-wp01/docs,worktree,of_original,contabo14:found:root/kis-autotrade-v4/frontend/public/reports,13,247694,0
contabo14,found:root/wt-wp01/docs,worktree,of_original,contabo14:found:root/kis-autotrade-v4/report,1,10030,0
contabo14,found:root/wt-wp01/docs,worktree,of_original,contabo14:kis-autotrade-v4/docs,835,11612801,0
contabo14,found:root/wt-wp01/docs,worktree,snapshot_duplicate,contabo116:found:root/aads/go100-card310-b-9HO1fh/repo/docs,1,4736,0
contabo14,found:root/wt-wp01/docs,worktree,snapshot_duplicate,contabo14:found:opt/go100/worktrees/chat-2648cf77-docs/docs,2,13276,0
contabo14,found:root/wt-wp01/frontend/public/reports,worktree,of_original,contabo14:found:root/kis-autotrade-v4/backend/reports,2,18977,0
contabo14,found:root/wt-wp01/frontend/public/reports,worktree,of_original,contabo14:found:root/kis-autotrade-v4/frontend/public/reports,73,2970368,0
contabo14,found:root/wt-wp01/report,worktree,of_original,contabo14:found:root/kis-autotrade-v4/report,488,3329841,0
contabo14,found:root/wt-wp01/reports,worktree,of_original,contabo14:found:root/kis-autotrade-v4/frontend/public/reports,1,5493,0
contabo14,found:root/wt-wp01/reports,worktree,of_original,contabo14:kis-autotrade-v4/reports,17,158834,0
contabo14,found:root/wt-wp01/server-116/newpigup3/reports,worktree,of_original,contabo14:found:root/kis-autotrade-v4/server-116/newpigup3/reports,4,22429,0
contabo14,found:root/wt/sec-db-pw-v4r-20260912/backend/docs,worktree,of_original,contabo14:found:root/kis-autotrade-v4/backend/docs,1,24110,0
contabo14,found:root/wt/sec-db-pw-v4r-20260912/backend/reports,worktree,of_original,contabo14:found:root/kis-autotrade-v4/backend/reports,3,36992,0
contabo14,found:root/wt/sec-db-pw-v4r-20260912/docs,worktree,of_original,cafe24_114:go100/docs,1,4910,0
contabo14,found:root/wt/sec-db-pw-v4r-20260912/docs,worktree,of_original,contabo14:found:root/kis-autotrade-v4/frontend/public/reports,13,247694,0
contabo14,found:root/wt/sec-db-pw-v4r-20260912/docs,worktree,of_original,contabo14:found:root/kis-autotrade-v4/report,1,10030,0
contabo14,found:root/wt/sec-db-pw-v4r-20260912/docs,worktree,of_original,contabo14:kis-autotrade-v4/docs,759,9667810,0
contabo14,found:root/wt/sec-db-pw-v4r-20260912/docs,worktree,snapshot_duplicate,contabo116:found:root/aads/go100-card310-b-9HO1fh/repo/docs,10,143463,0
contabo14,found:root/wt/sec-db-pw-v4r-20260912/docs,worktree,snapshot_duplicate,contabo14:found:root/wt-card310-cplan-5d/docs,1,5750,0
contabo14,found:root/wt/sec-db-pw-v4r-20260912/docs,worktree,snapshot_duplicate,contabo14:found:root/wt-go100-sec-v4r/docs,1,951164,0
contabo14,found:root/wt/sec-db-pw-v4r-20260912/report,worktree,of_original,contabo14:found:root/kis-autotrade-v4/report,487,3328296,0
contabo14,found:root/wt/sec-db-pw-v4r-20260912/reports,worktree,of_original,contabo14:found:root/kis-autotrade-v4/frontend/public/reports,1,5493,0
contabo14,found:root/wt/sec-db-pw-v4r-20260912/reports,worktree,of_original,contabo14:kis-autotrade-v4/reports,14,109682,0
